"model","n","repetition","ER_nn_np","ER_saa","ER_qrf","ER_qrnn"
1,500,1,0.0390029221854702,0.101870502740493,0.0413901446455753,0.0932169040480904
1,500,2,0.0375013309187473,0.0992958132457433,0.0485457639458953,0.12767159847434
1,500,3,0.043660845242097,0.0990212781626982,0.0445331186057398,0.0645839128338777
1,500,4,0.0442171738708634,0.109005393502905,0.079231524129052,0.119656305124009
1,500,5,0.0489461094489663,0.103775756355946,0.0654462423484401,0.079553823658743
1,500,6,0.0373011833107055,0.111418023976242,0.0492527746609963,0.0954953556518547
1,500,7,0.0361376499191068,0.0978625345653312,0.0557128461819629,0.0905335046928
1,500,8,0.0337839916912674,0.104817933955239,0.0555241289828745,0.0935870397761085
1,500,9,0.051191178205152,0.100708270117713,0.0502156147032295,0.0873723764607879
1,500,10,0.0333499729612594,0.0994371943624939,0.050846850595456,0.0685499264781957
1,500,11,0.0362630137180981,0.0977573990569447,0.050619771941077,0.118911959483065
1,500,12,0.0386632146556745,0.0940487455443921,0.0575710279061448,0.139217581781022
1,500,13,0.0426561543595192,0.0997990362158916,0.0518056516200112,0.0937312275746645
1,500,14,0.0414510906370886,0.108761619224853,0.0623863711620518,0.157668350555622
1,500,15,0.0405362614978855,0.101588505511408,0.0573100528984969,0.0737210478817205
1,500,16,0.0464185275067854,0.0987167413358778,0.0435448994963472,0.113494293958357
1,500,17,0.0429147867359641,0.0987055940013342,0.0498147913317204,0.0919964071898181
1,500,18,0.0381618241603654,0.0971148581191275,0.0356860303481514,0.138801727520275
1,500,19,0.0541651165029184,0.0991501069939027,0.0475841707261162,0.0776059978884898
1,500,20,0.0394834738052097,0.103877245364646,0.0549814140064337,0.0902782545981564
1,500,21,0.0382989420763458,0.0933374368701934,0.0469491521535559,0.0985432149651899
1,500,22,0.0508013378595993,0.102386226746241,0.0537264217963833,0.114471558203521
1,500,23,0.0430109805303098,0.10379524354319,0.0497580999105094,0.0956415158164921
1,500,24,0.0412767233914042,0.104275529220915,0.056717861641558,0.0950925715163156
1,500,25,0.0405256080988587,0.109819984355088,0.0327546853607679,0.0990933189616066
1,500,26,0.0343248141733083,0.102257486050971,0.0556239108881924,0.104091920930417
1,500,27,0.0441860043386428,0.0992822163855611,0.0432360772956741,0.0820924489707882
1,500,28,0.0434765579083221,0.104143938412211,0.0646130678216512,0.0765754268329639
1,500,29,0.0427729847002205,0.105141646403539,0.0498147788824126,0.116104206788814
1,500,30,0.0389196150710445,0.100386798977624,0.0500417621038316,0.0978878011229789
1,500,31,0.0465069103331139,0.0990419765910979,0.0469660362918747,0.0927416623442641
1,500,32,0.0351211139684062,0.0983370583215981,0.0517305373312749,0.126940036255903
1,500,33,0.0444037711337639,0.103978842632533,0.0532706162730707,0.0783341369550712
1,500,34,0.0445150131325913,0.0971120539626198,0.0531458014150985,0.0572507443691455
1,500,35,0.0372482040077355,0.0975565997569834,0.0495938711819413,0.0779851489833634
1,500,36,0.054071403578281,0.110408892733496,0.0598417555755246,0.0717810499582021
1,500,37,0.0538221237106464,0.107511030602186,0.0593728325532656,0.113063153796527
1,500,38,0.0350761840799549,0.0963153203989293,0.0541495687258495,0.115642637525337
1,500,39,0.0386946340190106,0.0991032371256628,0.0523277957754291,0.101940563056679
1,500,40,0.0399997109055481,0.0990413028460366,0.0441571688825377,0.116925203356121
1,500,41,0.0409027841765206,0.101376849386301,0.0469827936954632,0.0773475515370965
1,500,42,0.050042312918104,0.0997699265122924,0.0495707049869243,0.132397379072549
1,500,43,0.0413899202783963,0.098151030728842,0.0488867051011357,0.078158929892324
1,500,44,0.0340260699303732,0.0946858657606018,0.0505128544901523,0.0955195778074351
1,500,45,0.0389802220085094,0.0991264752206127,0.0551222271550593,0.128394198943041
1,500,46,0.0385959348895006,0.107289682768153,0.0691216444268254,0.11988820947915
1,500,47,0.0368414830154355,0.0943403411905694,0.0474428219273877,0.112805249025493
1,500,48,0.049829929947935,0.10231090950886,0.06076683220299,0.100798960293884
1,500,49,0.0431687824980131,0.10287267053094,0.0513768207775076,0.0790317299796053
1,500,50,0.0432384505413306,0.101397662476147,0.049273391617962,0.1229867937381
1,500,51,0.0387424614416834,0.0937666428977302,0.046896040173898,0.0938036190551761
1,500,52,0.0448709331027191,0.101803883133214,0.0396071375151139,0.11654057561199
1,500,53,0.0412840551145215,0.102460064074507,0.0542013967011803,0.0830088094473664
1,500,54,0.0509809534944385,0.103892645473962,0.0649037556630454,0.45626379833568
1,500,55,0.0438256038660683,0.10014849653156,0.0460560084350865,0.0693310877881117
1,500,56,0.0460623656975379,0.10111396816471,0.0602937843796187,0.0808545643143979
1,500,57,0.0459776688142863,0.102021658366639,0.0413430553654093,0.125760638120797
1,500,58,0.043892105070801,0.102468891394113,0.0459701505724026,0.0945683897491927
1,500,59,0.0424797509396675,0.0932792334507906,0.0574417744966609,0.103270202832245
1,500,60,0.0423754282581714,0.101438111157677,0.0489201481970198,0.103672818872114
1,500,61,0.0352348840206895,0.107771933353185,0.0536740153062345,0.0815214559995936
1,500,62,0.0380655895592326,0.10019847040465,0.0555341454554645,0.112665953740268
1,500,63,0.0347978210074749,0.098789016932598,0.0398440805949403,0.0879706104121403
1,500,64,0.0419914070189822,0.104144291421608,0.0462044731077595,0.0622081495038302
1,500,65,0.0452684449830802,0.101501081949812,0.0497281420854407,0.084465118196108
1,500,66,0.0467712568565586,0.103503089095438,0.0526397591965821,0.0719867126347014
1,500,67,0.0415380290113545,0.101911687280878,0.0473774434908238,0.117166168200411
1,500,68,0.0358804173319829,0.100093695532832,0.048915851368043,0.0620422779795538
1,500,69,0.0457908475747153,0.106875030639951,0.0532188109063187,0.0959711900960309
1,500,70,0.0427062781100909,0.102662019106712,0.0621681325918668,0.0807707068662455
1,500,71,0.0430387968935226,0.0968845794421047,0.0465437222302851,0.0863181947666662
1,500,72,0.040216342365748,0.0976087379606876,0.045931736712258,0.103053855004598
1,500,73,0.0544675665439811,0.102512146683321,0.067245690370898,0.0906371188372093
1,500,74,0.0351631949240669,0.10100856769513,0.0526300365559302,0.0899729128389037
1,500,75,0.045885185300685,0.104723691017514,0.0555875004567221,0.062556123580723
1,500,76,0.0394160792092941,0.101459211724737,0.0442320239214671,0.102771368667226
1,500,77,0.0341873782242752,0.105195108732784,0.0407434682773018,0.0685579415796893
1,500,78,0.0422477691459335,0.0972836674907234,0.0468636259926909,0.119381645514214
1,500,79,0.0488410313429095,0.102406712132033,0.0641875351308148,0.108930548981667
1,500,80,0.0381411655064443,0.0962548506503171,0.0420411343805454,0.0683477136316708
1,500,81,0.0426813110500666,0.105473071771605,0.0600557362925238,0.119304156478252
1,500,82,0.0398625167543061,0.100813705217438,0.0660624195490311,0.136773825415068
1,500,83,0.0328314913442924,0.0989527601305298,0.0494367433117737,0.0754573792348725
1,500,84,0.0393077546993013,0.09426753387756,0.0415842969607298,0.130439526821203
1,500,85,0.0441147188948106,0.0935678068535173,0.0454561191379994,0.102778432637514
1,500,86,0.0401708614827929,0.106276438916454,0.0576131721093067,0.110115810405253
1,500,87,0.0421165270739836,0.107483209173032,0.0533167020731919,0.0797662102793955
1,500,88,0.0494215549117871,0.0970066694819769,0.0472198863417703,0.0958938011482631
1,500,89,0.0474214088727287,0.10190015385114,0.0399415407712327,0.123817570199218
1,500,90,0.0351747356263088,0.100606066842995,0.0543379281833016,0.134495256954375
1,500,91,0.0354677964638488,0.097471172420696,0.0541962876540141,0.097387275343658
1,500,92,0.0345542227588114,0.101143498043213,0.0499306225568181,0.0771222616356591
1,500,93,0.0449352148717452,0.0990327698389775,0.0453254918842505,0.107056316570149
1,500,94,0.0512767985735854,0.107992045593106,0.0558016111862416,0.117199167454183
1,500,95,0.0432976412329134,0.104577294461875,0.0517282409938691,0.10249968882302
1,500,96,0.0441367826145165,0.103254046011687,0.0565657711920378,0.0937112823883215
1,500,97,0.0492473639642548,0.102580405164497,0.0444585020103787,0.122712146849755
1,500,98,0.0406827104768654,0.104290459112088,0.0405770644069465,0.0864113985944708
1,500,99,0.0437089013038854,0.101070718181834,0.0485432371000754,0.120496977952308
1,500,100,0.0378198507637464,0.0997937324345768,0.060168174614186,0.0941733355266974
1,500,101,0.0392887300418308,0.105566720652927,0.0371925872904051,0.0570891961212732
1,500,102,0.0404200726157335,0.0990109669338639,0.0460908501338444,0.11504865616621
1,500,103,0.0459434778167227,0.0967097128977834,0.0541383439250607,0.0834888214733367
1,500,104,0.0442442201704585,0.10093784865103,0.0633268523717565,0.0942138221305457
1,500,105,0.043357407464637,0.0965819337163394,0.054232991870758,0.0973630680964903
1,500,106,0.043439312023553,0.106741398143257,0.0541865175934073,0.128338576693827
1,500,107,0.0432335810929987,0.0957907462260872,0.034468610204708,0.0861917751723398
1,500,108,0.0383817069943977,0.0978823829436855,0.0533757328899993,0.0885470260548813
1,500,109,0.0427174404452675,0.103030800696829,0.0552703994588917,0.105111529180478
1,500,110,0.043963812218079,0.114235526592417,0.0495377002457333,0.136600661385837
1,500,111,0.0482543916789158,0.100264361381997,0.0594497725380692,0.114355782719744
1,500,112,0.0353673432614174,0.0932630408849811,0.0430753442172116,0.112816590418767
1,500,113,0.036343610253698,0.0960809891731946,0.0553641759331316,0.109560450786153
1,500,114,0.0407686362835094,0.0998695857427758,0.043919630036404,0.109303772702011
1,500,115,0.0360788822050553,0.102199672166989,0.0504561323220973,0.0903886777442946
1,500,116,0.0419384064506456,0.094962932311214,0.0413655031462645,0.108382344448748
1,500,117,0.0369140083298858,0.0962264323652982,0.0462124934962225,0.111904749997249
1,500,118,0.039784719187947,0.103063802794548,0.043376191200138,0.128188812145387
1,500,119,0.0512933094691197,0.108976173981001,0.0625828310439902,0.0881201233445743
1,500,120,0.0447592011416353,0.102342902707115,0.0578930934449564,0.0918015756519666
1,500,121,0.0406091135226561,0.107129230290606,0.0602588080881399,0.119368352224392
1,500,122,0.0510793352379737,0.102552205190815,0.0391583694647579,0.108309312764622
1,500,123,0.0439024820709717,0.105183459806887,0.0537106138819532,0.0890428859118466
1,500,124,0.041790017215604,0.104384929973441,0.0455942009756438,0.0583146070422034
1,500,125,0.0399695980139505,0.107847632359389,0.0535814230354303,0.0908933612398317
1,500,126,0.0490054942069753,0.0986792227076414,0.0500512030874347,0.0951042727350571
1,500,127,0.0370341676928483,0.104426049975051,0.0485934221101672,0.116518395133153
1,500,128,0.0360715182133053,0.101521892252245,0.0495581248300183,0.0809899211026301
1,500,129,0.050757141766796,0.111051546922376,0.0697369825710321,0.12826403734058
1,500,130,0.0476801850867727,0.108114890569989,0.0412531886487773,0.0959745362952749
1,500,131,0.0314662866232978,0.0958959291434738,0.0506874419782173,0.149251017552397
1,500,132,0.0431861120476853,0.103878482253895,0.0454907649548313,0.122157671065666
1,500,133,0.0425669186405284,0.100573998217011,0.0604761839922408,0.131957663179332
1,500,134,0.0433108946852439,0.100416657568613,0.0569464278143137,0.0867079864744176
1,500,135,0.0388451509895562,0.106663051056243,0.0515217275870956,0.127975319680693
1,500,136,0.0372184671727644,0.0936487927918526,0.0343843707567355,0.0784034860196734
1,500,137,0.0458676454519726,0.104894840033693,0.0578968903140105,0.0727227776008568
1,500,138,0.0448004859710707,0.103026295140225,0.0613083707019215,0.109408322831259
1,500,139,0.0337601725700054,0.0936120293232299,0.0424265747445647,0.0617938256215587
1,500,140,0.0396723911161125,0.0944286894849187,0.0416550011439116,0.104686637402005
1,500,141,0.0426901430206876,0.103408210228252,0.0628006320754646,0.0874547194713127
1,500,142,0.049702878787425,0.0964453871142337,0.0530561444141764,0.113927437043446
1,500,143,0.0406825144108978,0.104729066424244,0.0499004533695842,0.0755564593229228
1,500,144,0.0443349433509403,0.0992376717449219,0.0534185138265217,0.080516636421758
1,500,145,0.0374605840592768,0.102977875410767,0.0473507644195581,0.0817247834444113
1,500,146,0.0291247200453999,0.0993258696332715,0.0480055203190093,0.0623829987220754
1,500,147,0.0385542147444446,0.104265812495952,0.060665313100096,0.104676573401016
1,500,148,0.0466195957085209,0.102647306825982,0.0367463953171867,0.102517956244857
1,500,149,0.0354371873288617,0.0990359606543234,0.0477682720329249,0.118338931110396
1,500,150,0.0487587214963376,0.106156943904564,0.0372810368194769,0.126651546334276
1,500,151,0.0341993097607676,0.0993070547308004,0.0432069226994007,0.127073684640114
1,500,152,0.0371868229068781,0.0990498151853811,0.0529332453204245,0.0857349119805886
1,500,153,0.0539863196079327,0.102304865677214,0.0729097909121601,0.090157787962359
1,500,154,0.0435185379017082,0.095315745597363,0.0556945602169836,0.0717791108719674
1,500,155,0.0378485020499175,0.0951252116912211,0.0435024451730104,0.104269836698371
1,500,156,0.0451771707266091,0.104696749101899,0.0438895720793417,0.113003056148974
1,500,157,0.0372111669102912,0.10084370611941,0.0420485294338946,0.164048365805028
1,500,158,0.0551254830726775,0.104611090100921,0.061768517617266,0.143580412878852
1,500,159,0.0477529855338574,0.116468806969118,0.0581543307872225,0.0775508397838758
1,500,160,0.0513458034024523,0.109171817673744,0.0754213377388391,0.129253154608697
1,500,161,0.0394424165739842,0.0959139210016884,0.0551745887751736,0.106350362819052
1,500,162,0.0394991222009826,0.0958145674363646,0.0474543532178535,0.102889611778252
1,500,163,0.0559049318869287,0.102280834532033,0.0453771269971197,0.0871019943232203
1,500,164,0.0426745535567918,0.101827586292188,0.0356035157022243,0.125973202625636
1,500,165,0.0392881635372766,0.103591303872042,0.0546060890332178,0.10404843337553
1,500,166,0.0396775469963522,0.0988983121875078,0.0468285229194039,0.0866752982761623
1,500,167,0.0390953196933996,0.0976397271649161,0.0598063693228503,0.0860674114664759
1,500,168,0.045817122697531,0.103232573449553,0.0491139619221177,0.167071921740879
1,500,169,0.0433150021986193,0.105720821084699,0.0465918780470767,0.0886204096513539
1,500,170,0.0337594069981335,0.0976126004135058,0.0356285395408169,0.0887856717901518
1,500,171,0.0412458321988891,0.100511187588402,0.0456838978680871,0.0994861887266842
1,500,172,0.0376670665078389,0.10073878511057,0.0499976608591699,0.103565525237651
1,500,173,0.0364941195366502,0.096088642872324,0.0529562044327938,0.0619891160261021
1,500,174,0.0435714399419624,0.10606700193601,0.0558953033703613,0.106003517159865
1,500,175,0.0397182727538232,0.101906676433331,0.0681942104373132,0.107733713198774
1,500,176,0.0402926448813596,0.0995523397122517,0.0522828283769392,0.0914310874286908
1,500,177,0.0470367957434843,0.0997207032213638,0.057618562165634,0.161738315847435
1,500,178,0.039065490445729,0.102549361915448,0.0549331011945682,0.100235710155494
1,500,179,0.0328524330701101,0.103337857378942,0.0424702187951185,0.0975045367295342
1,500,180,0.0427452975378211,0.0993371441661808,0.0722429486307261,0.115621582911968
1,500,181,0.0370072417104363,0.0982842046101602,0.0543552641042806,0.109245363270527
1,500,182,0.0699408152106382,0.111383088383686,0.0618250884554232,0.0838545637002863
1,500,183,0.0367691339751621,0.109670540304565,0.0636806924723392,0.119009883453862
1,500,184,0.0373606436542133,0.104952567914102,0.0606043124076157,0.0841276526827013
1,500,185,0.0433224825501997,0.111933772875733,0.0597263971435582,0.125527802372187
1,500,186,0.0361076531885953,0.0957501098437878,0.0508466030936743,0.30951780560804
1,500,187,0.030054187224589,0.100415588019098,0.0415136946705541,0.121438493728246
1,500,188,0.040928318821005,0.10206394159896,0.0536996520896815,0.0912906742028559
1,500,189,0.0383227395103041,0.0934784942415201,0.042152450184568,0.0891594270326321
1,500,190,0.0372685478714105,0.107777541767524,0.0483964933193577,0.0849323435528575
1,500,191,0.0487338900837713,0.104821879701939,0.0590654039565044,0.060429650424805
1,500,192,0.0382716627407829,0.0987071946410376,0.056998136478468,0.102896816635848
1,500,193,0.0453763365753619,0.102850742929519,0.0475427465883977,0.105694930459831
1,500,194,0.0457944474660141,0.0967767331540972,0.0499466632900298,0.0963098680215972
1,500,195,0.0450560204333017,0.104095083327041,0.0379341869893006,0.104829916080613
1,500,196,0.0498276359362055,0.103070634503135,0.0526832823032424,0.0943099465818122
1,500,197,0.0544247172838597,0.103957652975968,0.0637023456570374,0.160458794244831
1,500,198,0.038211261190493,0.108114354122804,0.0542206210240956,0.0824539623389586
1,500,199,0.0391341963611636,0.103675870457208,0.0508489781108878,2.92576072124969
1,500,200,0.0390341176821734,0.0974877497156834,0.0707873879551268,0.0949622122974756
1,500,201,0.0599138789281628,0.103434564671718,0.0483359610743517,0.0921480583997087
1,500,202,0.0409193917106137,0.0992997907304976,0.0447858741829859,0.083453147800187
1,500,203,0.0537314744809254,0.100647553450611,0.064369298407303,0.126812481839213
1,500,204,0.0408225217812968,0.102019024287977,0.0601608737582515,0.0764235288127053
1,500,205,0.0474706167094419,0.106200474376867,0.0601184907679346,0.0699430850805962
1,500,206,0.0423183167862982,0.108991193643422,0.0508013707814354,0.103533535641909
1,500,207,0.0328515601132204,0.101003230505769,0.0550801799166727,0.121646311828875
1,500,208,0.0402666005587906,0.104315168659292,0.0624061798454318,0.142530257283771
1,500,209,0.0416138166336595,0.100852389647651,0.0545474250120848,0.0619194097888218
1,500,210,0.0502536265690594,0.0980379373623372,0.0375623242479017,0.0822195194305271
1,500,211,0.045597981468595,0.105182037158694,0.0608065061920917,0.0952462967962748
1,500,212,0.0392216736339204,0.102343560515643,0.0645236726842842,0.0910683169803945
1,500,213,0.0449695477696432,0.108828937665959,0.065279015586557,0.0967301885573135
1,500,214,0.042617906773768,0.103680825232858,0.0408342591853095,0.128628580238968
1,500,215,0.044207505790387,0.101051621983677,0.0483307087196641,0.0937673743785925
1,500,216,0.0373533663112022,0.0995002366121618,0.0456546522020616,0.106868401592114
1,500,217,0.0427926092246091,0.0960994523358827,0.0443076464606997,0.111024834892083
1,500,218,0.0422037965112714,0.100242371980856,0.0376044690643083,0.0742894362812367
1,500,219,0.0357784636706824,0.0998686141500795,0.041558567986052,0.0906506234399769
1,500,220,0.0509089848203075,0.104751514317828,0.0467874775654611,0.0822030721126645
1,500,221,0.0431699470348379,0.109826367483748,0.0616973257951838,0.0980070289555002
1,500,222,0.0458827396968009,0.113098242666609,0.0697890272187136,0.0964346489660641
1,500,223,0.0412100123399626,0.102491576304646,0.049728268417875,0.111105677673997
1,500,224,0.0369811435083829,0.10484972356533,0.0548206781475493,0.142274870678773
1,500,225,0.0416796494634666,0.0970593477943955,0.0422363295503962,0.0805599366079928
1,500,226,0.0472910516745706,0.103566730912253,0.0614955398276642,0.11759033497979
1,500,227,0.0409681575948895,0.0996573195957422,0.0443244965101199,0.066975470484594
1,500,228,0.0449349625169917,0.104421893432774,0.0570603217559431,0.0859937994886917
1,500,229,0.0401735549113702,0.102307728195421,0.0475947584186711,0.0973290787060241
1,500,230,0.0367425861643134,0.0962797937183673,0.0474282949414506,0.114414116863772
1,500,231,0.0362961515334135,0.100576294997556,0.046105756462764,0.0890752440792186
1,500,232,0.0390301668113819,0.0985712326380468,0.0441041704748928,0.0889437990932618
1,500,233,0.0468776232668404,0.0990090123485439,0.0636598862084949,0.0464622029825641
1,500,234,0.0388636172074797,0.109412098764844,0.0528791295341098,0.087452601568387
1,500,235,0.0435035440762579,0.102942414466902,0.0462822256182736,0.0947925444015554
1,500,236,0.0434541922670542,0.0996707183002605,0.0537107107755415,0.10022630842681
1,500,237,0.0366749704784026,0.10221526357812,0.0537375320523241,0.0841389243479376
1,500,238,0.0418886578402387,0.0979298928443604,0.0509364351694133,0.10709630765341
1,500,239,0.0397647638866725,0.100313058390636,0.0518188289985237,0.0696084125452381
1,500,240,0.0502775092740155,0.101400255069815,0.0615556172558904,0.11710689036558
1,500,241,0.0360086323463209,0.100297395860711,0.0506933325211421,0.0824535016576053
1,500,242,0.0334738116923414,0.0971280052344681,0.0500259794064368,0.109814514171596
1,500,243,0.0456561078619346,0.100966396154286,0.0492368978489175,0.110237115920649
1,500,244,0.0490493711788433,0.105376057504787,0.0659215900157761,0.110801149814351
1,500,245,0.0387591622367356,0.113076276888358,0.0623183151852789,0.0966870609476844
1,500,246,0.0533804182123645,0.101254179582914,0.058709150854805,0.138473951584954
1,500,247,0.0377661427952274,0.0974279907921525,0.0675117847437263,0.11337899947236
1,500,248,0.0448817141243016,0.0978457738454164,0.0606092106347207,0.0637995281493653
1,500,249,0.0359297458415344,0.0980562954364967,0.0431321016036088,0.0894482041247802
1,500,250,0.0414970117127675,0.111395204490875,0.0470066755272567,0.114806108909412
1,500,251,0.0448183967930671,0.0986358649787431,0.0424542226280773,0.0848116826913392
1,500,252,0.0357803392094711,0.0955945477621005,0.0464681828125664,0.109964846254956
1,500,253,0.0349975109370797,0.0994000223410128,0.0629692349968574,0.0908631634822124
1,500,254,0.0377352576465013,0.103292641532432,0.0539237332234594,0.0889458006234178
1,500,255,0.0354375419181441,0.0970322184579042,0.0505706711636398,0.299126232401488
1,500,256,0.0353607801515428,0.106176287360003,0.062982357131542,0.0561000846816686
1,500,257,0.0367860222761205,0.104623886914829,0.0606675905497882,0.0909348552507363
1,500,258,0.0407840500667305,0.0959650625987525,0.0457715297762555,0.0570277513189716
1,500,259,0.039974326122592,0.0970619669857109,0.0447727765169905,0.0780660911891751
1,500,260,0.0435267215793913,0.0986277695477848,0.0485630814434466,0.0957290366316084
1,500,261,0.0433022121941211,0.0980367905390767,0.0463202492898929,0.126458646587883
1,500,262,0.0448654260010508,0.100001145399313,0.0513690714652348,0.0737015498006575
1,500,263,0.0414763235320468,0.100975519127019,0.0503724213326209,0.0747921929208979
1,500,264,0.0347754764449431,0.0932078163520884,0.0362587697690717,0.0792228442853227
1,500,265,0.0401846706181304,0.106377523862522,0.0607115772496452,0.121578222382904
1,500,266,0.0464207146837574,0.0974744141455255,0.0443319297596274,0.103167715686235
1,500,267,0.0405326030231212,0.0941142744693326,0.0519433452038436,0.100059681119371
1,500,268,0.0407360573586246,0.0942571380212274,0.0410240665361223,0.0929000472108996
1,500,269,0.0421777529546048,0.100967506996598,0.0550233088767886,0.0821109968207296
1,500,270,0.0531132731442294,0.108595792164826,0.082109427384675,0.12502844513589
1,500,271,0.0427543020650851,0.0978719322551436,0.0558342475287399,0.0889312480713189
1,500,272,0.037177343145838,0.10102901178946,0.0478408745413579,0.0934015267243109
1,500,273,0.0406270611462984,0.099285051890311,0.0415219187877516,0.0967560871564033
1,500,274,0.0357946182044093,0.101878719717656,0.0595164747007657,0.0974956465438028
1,500,275,0.0407987626706363,0.109818520370678,0.0622510716550606,0.0980281248350374
1,500,276,0.0330675255538531,0.102231018826201,0.0296289592746202,0.154094537171011
1,500,277,0.0374563812453546,0.0989862502381831,0.045663815015951,0.106558465164474
1,500,278,0.0490979303901269,0.101774788357982,0.0712464403324393,0.12949512707115
1,500,279,0.0513097110770115,0.109771597495289,0.0795531852020852,0.13439463501411
1,500,280,0.0329166055756147,0.090857547655482,0.0433458386056862,0.0691396012942458
1,500,281,0.0358501870184593,0.0974485809992791,0.0444321201899378,0.0560615244770226
1,500,282,0.0410474539581394,0.100520403669376,0.0590120720972986,0.0883592420624113
1,500,283,0.057124684746199,0.113174719969539,0.0659711994939509,0.117937224615649
1,500,284,0.0358518100550815,0.0996042058815061,0.0480406140459106,0.0584296626000094
1,500,285,0.0522157309933144,0.103410426975059,0.0453925654756813,0.0785256692921712
1,500,286,0.0533537126547374,0.104983461180278,0.0670236171998162,0.120127468686404
1,500,287,0.0380603934194008,0.101466631650822,0.0593548345231001,0.062564644805263
1,500,288,0.0343669764588179,0.10428834218923,0.0470312714830621,0.0832735612748552
1,500,289,0.0491989600749592,0.099824924376898,0.0454610598527279,0.111235880674168
1,500,290,0.0368330591164012,0.0957603805772711,0.0616838799981834,0.0888214604754258
1,500,291,0.045607880196971,0.108264780576699,0.0713417980397564,0.0805040017370016
1,500,292,0.0380830310222442,0.0969401178578053,0.0495123511808913,0.160427074225826
1,500,293,0.0420794189362146,0.099389305739225,0.047224090573996,0.100903271762374
1,500,294,0.0498064048114615,0.101121202120908,0.0434747428000291,0.083950224024345
1,500,295,0.040294457988771,0.0985181431740705,0.0520694843491265,0.102125223563294
1,500,296,0.0354182975004989,0.102365000882348,0.0554528626673265,0.105160091860908
1,500,297,0.0342471291897339,0.100604206888566,0.0530332318068938,0.0850807433896379
1,500,298,0.0463361056280154,0.0981286934610712,0.052914114873831,0.123365342646908
1,500,299,0.0430159595145465,0.0995405009651722,0.0485248589006382,0.0788909994754858
1,500,300,0.0406689330041796,0.102904947839551,0.0583342545093917,0.0900907366126646
1,500,301,0.0374031303551072,0.108322807504573,0.0602455935442625,0.0914263166902176
1,500,302,0.0597620726485737,0.104336032702997,0.0676465299530975,0.0968914412532758
1,500,303,0.0418104359303284,0.100925057772632,0.0483216248562177,0.111895996614058
1,500,304,0.0519338936715568,0.108173109595451,0.0644857305000066,0.122225276826641
1,500,305,0.0430199012221621,0.0980152192785639,0.045706166405594,0.0938764097140505
1,500,306,0.0389035650493796,0.103827684781412,0.0622203524612552,0.0720461400642325
1,500,307,0.0342662408473933,0.0994658640736927,0.050429245569815,0.0638814353187855
1,500,308,0.0458543880679068,0.10542714445658,0.0510339983525958,0.0860606218706914
1,500,309,0.0326944894592283,0.107853614177025,0.0446649735596678,0.088236017827533
1,500,310,0.0396815566379212,0.0971235884476231,0.0455296094153925,0.0806195340129259
1,500,311,0.0467868560018807,0.1078199506473,0.0498624845400906,0.103519703685369
1,500,312,0.0410311037530078,0.101194910358494,0.0509713397060287,0.0872747694576448
1,500,313,0.0433475571829798,0.0966347946877826,0.0350689021559345,0.0874264022626299
1,500,314,0.0384508843022131,0.102262332224845,0.056843061716521,0.127402241604348
1,500,315,0.0391985562779258,0.0936412308775176,0.0391158162173895,0.0949602576015742
1,500,316,0.0512242828625422,0.106413248428862,0.0672658552637961,0.0980180276055127
1,500,317,0.039977258822868,0.10436854410111,0.0505858929457152,0.114270250615935
1,500,318,0.0393895786859935,0.10227400016883,0.0481831841271545,0.12310679744076
1,500,319,0.0382026744814943,0.0964239609190873,0.0472054503979569,0.119305823621201
1,500,320,0.0335339502774175,0.106613468011581,0.0527574371713226,0.107955971306095
1,500,321,0.0462848357327168,0.101544410996331,0.0439759443774894,0.108025462841681
1,500,322,0.0404027579026045,0.101489009282274,0.0525379856012684,0.104457440391972
1,500,323,0.0454458033094824,0.103725992699521,0.0491920327191389,0.104692348994939
1,500,324,0.0427469581125317,0.0955168828069346,0.056800538750287,0.10401511248879
1,500,325,0.0386719833848992,0.100317585490228,0.0538261687000157,0.0940245663166082
1,500,326,0.0592383174027427,0.10709607295262,0.0586211139615187,0.114705968704609
1,500,327,0.0392711119686182,0.104175984280972,0.0565225197254664,1.05664036960288
1,500,328,0.0470466077199241,0.0969995420252867,0.0484508462642277,0.090914160566647
1,500,329,0.0466793667539906,0.107457532363487,0.0648327303679073,0.120042921412866
1,500,330,0.0483463482900088,0.10657753491082,0.0554906085953975,0.168737199145592
1,500,331,0.0327827810830705,0.100559544192286,0.0487252340493969,0.109623722856137
1,500,332,0.044318512249313,0.109087161959045,0.0565642203625589,0.149648579264364
1,500,333,0.0403636556412843,0.101732861361302,0.0471202816593181,0.0810112484562218
1,500,334,0.0379603052800603,0.0963877789221899,0.0454157124661021,0.0931060710944382
1,500,335,0.0391305986962409,0.107695458021903,0.0598320518420119,0.0995021776196894
1,500,336,0.0564859680313001,0.109774224268193,0.0468130591006117,0.0870987179220715
1,500,337,0.0455138661223637,0.103412229379506,0.0573731100156849,0.0910466293959338
1,500,338,0.0348082835912789,0.101517882315818,0.0476777416530862,0.069519850412435
1,500,339,0.0438248479761409,0.102785433568087,0.0545859118609191,0.101262154160998
1,500,340,0.0451216017145351,0.104370843496144,0.0507281426239807,0.0941536705110591
1,500,341,0.0457639645214938,0.0962478845107764,0.0344336186206415,0.0776813032020049
1,500,342,0.0371832887782115,0.0981889940310643,0.0442036424305574,0.124714623806003
1,500,343,0.0422689403807404,0.105455622910007,0.0472703232895741,0.0948189371270882
1,500,344,0.0434562828851506,0.104716785883304,0.0396885070510826,0.11016308523047
1,500,345,0.0456841048862775,0.100574938096476,0.053723026851114,0.11366374114377
1,500,346,0.0424313738976634,0.104883741420576,0.0454162934135722,0.0976199265961282
1,500,347,0.0581244317357175,0.102289553367116,0.054722676212819,0.0478792103399706
1,500,348,0.0423255969076559,0.0983556645368067,0.0457255741020182,0.0723100740367171
1,500,349,0.040955480331784,0.106263673066095,0.0695526075121686,0.136943247503934
1,500,350,0.0453420011159265,0.098174903264294,0.0515418281540838,0.0921101013133436
1,500,351,0.0505617187671872,0.0965043286963578,0.0704510186910283,0.0886404709095199
1,500,352,0.0457511285356886,0.118458026605358,0.0690786650196953,0.118186495164405
1,500,353,0.0599815580238514,0.0894552238886812,0.0317930745749346,0.0978132841411363
1,500,354,0.0482629394581728,0.0973269264743344,0.0451347865495717,0.12230559160648
1,500,355,0.0402869967179871,0.10036295312498,0.0505185604298419,0.0829244494952013
1,500,356,0.0506674035570449,0.101593272667831,0.0456503380507713,0.091807608350065
1,500,357,0.0403169154168579,0.110153958683096,0.0812130874901802,0.0797260021156938
1,500,358,0.0407433844855403,0.106427220626491,0.048821925091856,0.1039422037902
1,500,359,0.0500608611806121,0.102013109811887,0.0728338489709255,0.130754628672368
1,500,360,0.0380475955019086,0.0983165194426638,0.0472198801585224,0.106221686095237
1,500,361,0.0490713821322828,0.0936753954939271,0.0436323812722856,0.106674538484357
1,500,362,0.0371776405788466,0.1031353477235,0.0388944020810829,0.130538170883983
1,500,363,0.0382289544587022,0.105169143016747,0.0505209515291176,0.106472482190834
1,500,364,0.0360406868659298,0.102366264859738,0.0396831265408459,0.10292902848511
1,500,365,0.048354775005051,0.100831770203415,0.050920871958702,0.0904689316579304
1,500,366,0.0339138499739939,0.0923951706581747,0.0516753449288152,0.11208977548736
1,500,367,0.0394744490896086,0.106726843779769,0.0487120200510938,0.113520254438082
1,500,368,0.0453103244778676,0.102251747211541,0.0502774930448462,0.0940340269072264
1,500,369,0.0320421128744262,0.100679881870461,0.0437907738281256,0.0688438670821137
1,500,370,0.0428354130764916,0.102955994808145,0.0570823791729889,0.0973789823652742
1,500,371,0.0569684701030158,0.0912664732826964,0.0490588591226018,0.0968866207075347
1,500,372,0.0376931942157612,0.100990418206687,0.0612748952178177,0.0809367852724416
1,500,373,0.0501373169448827,0.0954394677440167,0.0514400119821687,0.0841845868146267
1,500,374,0.0422495589011873,0.102832606580884,0.06216696260869,0.0936935418888045
1,500,375,0.0452778934918086,0.102704165541964,0.0474979965935713,0.0872870225244766
1,500,376,0.0366291924778697,0.102929235879628,0.0457442527763399,0.0668498190062508
1,500,377,0.037502926725312,0.10353452353365,0.0533944127012549,0.0774877320684133
1,500,378,0.044210678464617,0.100487740824007,0.0570352908275702,0.119043247123385
1,500,379,0.0494127672478786,0.103745737573981,0.0702777316849004,0.0679652245195339
1,500,380,0.0423483267542126,0.102256582737844,0.0526842443702975,0.114635102229609
1,500,381,0.0486949802048009,0.10230555277622,0.0400690546883891,0.0983974519447133
1,500,382,0.0412456328331763,0.100128510310786,0.0426975208600489,0.0822629694820216
1,500,383,0.0451781282932169,0.104331101364524,0.0611779801415315,0.0965856744448992
1,500,384,0.0392323853479535,0.113383388225014,0.0565350533756119,0.0720199425254457
1,500,385,0.0415964819187431,0.102100562953263,0.0573498097553771,0.102011319978253
1,500,386,0.0518262326851366,0.098849168694674,0.0558685113925002,0.117039708229383
1,500,387,0.0460342448488535,0.0974128158009262,0.0516102312033573,0.0492679457671268
1,500,388,0.0482797638159975,0.103025832230276,0.0486764270506181,0.0794615071810818
1,500,389,0.0374206719441421,0.120375170256517,0.0646529721151516,0.0827207971480288
1,500,390,0.0506030387886871,0.0995892516090624,0.0499482860687266,0.0877287414143348
1,500,391,0.042094807301138,0.0947479903851494,0.0415207204972481,0.114720156642253
1,500,392,0.0361044372506107,0.10026983428193,0.0571089797745348,0.0692415649300058
1,500,393,0.0373172066429459,0.0991600850627454,0.0439970501735081,0.113985255575708
1,500,394,0.0350638573063657,0.0934990325686462,0.0471228841703204,0.0720157739014631
1,500,395,0.0398558252540704,0.103210951887596,0.0515142150516141,0.0735696597846076
1,500,396,0.0436374793221279,0.10689962332094,0.049735696946839,0.0845841328236159
1,500,397,0.0529853998571073,0.102732487749609,0.0642448061843031,0.136100469902417
1,500,398,0.0402204489933433,0.101447570569139,0.0425447631564253,0.111017947191211
1,500,399,0.0354183219058384,0.0971445425098345,0.0509453716216786,0.105952144013948
1,500,400,0.0381859880477404,0.0996157533187996,0.0521095906715063,0.113676705645939
1,500,401,0.042349213660422,0.10023890135615,0.0452034778304973,0.100686182068887
1,500,402,0.0416872053786501,0.0989353147234477,0.049784792145668,0.0896947314123711
1,500,403,0.053502236724511,0.0932488559197038,0.0405787499611481,0.165029305172174
1,500,404,0.0398151017486648,0.104900970401864,0.0587686491488368,0.0859879546709004
1,500,405,0.0423601318769504,0.108141995646919,0.0576905245153321,0.0932954488844946
1,500,406,0.0381249554762231,0.100360233431446,0.0557520443408157,0.0878057776892764
1,500,407,0.0361583736755915,0.0967974840627726,0.061585578439695,0.0770678127277111
1,500,408,0.0394994237559476,0.0989489630274467,0.0643839289713197,0.123916609487922
1,500,409,0.0483085140197874,0.107540025744825,0.0637859615796221,0.146615897042909
1,500,410,0.0427494809381015,0.10186779140377,0.0486768171720693,0.105976052508328
1,500,411,0.0522201271978981,0.109144777958021,0.0502396347353997,0.119472648015411
1,500,412,0.0460147145276142,0.103869501179119,0.0496961290686286,0.102924974953926
1,500,413,0.0351689813795431,0.0985365356751666,0.0506513715599899,0.0802009470293326
1,500,414,0.0372666453894543,0.0996593284250957,0.040869231589548,0.107177556044662
1,500,415,0.0482244421313112,0.102683548337275,0.0437907406567675,0.0892504024022163
1,500,416,0.0378064726838481,0.101679089239297,0.0437785149086409,0.0770345167527315
1,500,417,0.0437791158812826,0.0976647497057943,0.0529180255970048,0.140012027534102
1,500,418,0.0414028171707574,0.0983654919246635,0.0471732362137178,7.65143116024077
1,500,419,0.0409773006213385,0.107477902039216,0.0445276396380483,0.126195394893955
1,500,420,0.0372932743827523,0.0996539402430736,0.0578289899487918,0.07222687232766
1,500,421,0.0319079946207386,0.0952216668301931,0.0368243356980471,0.0842811908511305
1,500,422,0.0435892473076174,0.09760271523478,0.0374409529928017,0.10914733589563
1,500,423,0.0314854067043933,0.09719650941225,0.0494473447448731,0.0637626811408529
1,500,424,0.0387381559210773,0.0999601749903585,0.0506182746861583,0.064770256733824
1,500,425,0.0401153742546954,0.0946790374119337,0.0490661595048574,0.134726689936448
1,500,426,0.0358609682809663,0.107400248135236,0.0692212536036243,0.089710904400242
1,500,427,0.0442427984519109,0.101218477383196,0.0467946477767052,0.0945781351189605
1,500,428,0.0366718980375058,0.100424523168761,0.0470371750930119,0.0934333721964384
1,500,429,0.0380349973110132,0.101640232777298,0.0463685362316195,0.103964428848789
1,500,430,0.0357985507317253,0.105015535182413,0.0515823870373648,0.0880845856531816
1,500,431,0.0396801813542706,0.100978478462867,0.0601484590731414,0.104393538508765
1,500,432,0.0357354809065893,0.0936038061521234,0.0446611010531019,0.123754798026313
1,500,433,0.0402971096483351,0.101532612029426,0.0511648218045702,0.0909790568129025
1,500,434,0.0443707910361153,0.0934792827916922,0.0410597185348278,0.122346148819266
1,500,435,0.0417284589165727,0.103967773263181,0.0532627461875337,0.0761934721311237
1,500,436,0.0326530798600502,0.0983751816423575,0.0496146429512072,0.100725818459719
1,500,437,0.0389838573214911,0.104460843730391,0.0541663337555929,0.0639070577746508
1,500,438,0.0359375878547297,0.0948321176043478,0.0369900343320611,0.0826416253259441
1,500,439,0.0561316460707924,0.102390231802967,0.0500040593223634,0.0971161470860684
1,500,440,0.0320641059034346,0.0996880075606372,0.0476432400378259,0.079852345159467
1,500,441,0.0447084429945082,0.116763443312072,0.0611564711525328,0.0982414348255594
1,500,442,0.0473391754245294,0.0952051623501622,0.060839779067865,0.087426099466128
1,500,443,0.0333042366732457,0.102963235874181,0.0459297978959972,0.0924956394079526
1,500,444,0.0423483810097036,0.101583957926306,0.0451360314548577,0.115399874898548
1,500,445,0.0366198044022865,0.0989832912189004,0.0314175667183305,0.0781137616811882
1,500,446,0.0442739643476835,0.102272708629503,0.0517849784011186,0.108245112905213
1,500,447,0.0377316629769291,0.105409478457977,0.0618439871293504,0.112503919196534
1,500,448,0.0429536490498179,0.098218213222081,0.0622030234144735,0.128753964398643
1,500,449,0.0436038365042388,0.10053305730189,0.0374657200984343,0.0911338226523473
1,500,450,0.0472967829945989,0.102916401378862,0.055827342837228,0.0657694420975925
1,500,451,0.0328201169208513,0.105358755318619,0.0553381228610041,0.0663449545502939
1,500,452,0.0345893975152318,0.0931203089754138,0.038678490544459,0.0642290166359396
1,500,453,0.0360576441601721,0.0954096994455373,0.0448305072240247,0.0650621514404626
1,500,454,0.0531067534026701,0.107985781476587,0.0586206517344985,0.125510211043812
1,500,455,0.0398651429529797,0.101480169593243,0.0539217318535123,0.0728030280856262
1,500,456,0.0409806318300439,0.0922098242508398,0.0481391267305395,0.12305391038769
1,500,457,0.0511116503085984,0.0999179274320245,0.0380186774642934,0.0838500671290805
1,500,458,0.0441718407939617,0.103374875417281,0.0439146414972231,0.0962621017037026
1,500,459,0.0454186432907955,0.113921460708717,0.0463088795466409,0.0981658959564558
1,500,460,0.0555236967421175,0.112559766264358,0.0586112138550072,0.108020468815258
1,500,461,0.0556566137508625,0.112710236296022,0.0807109640944934,0.106197939726753
1,500,462,0.0602357626607875,0.10069218445127,0.0683328872446927,0.0895963644094993
1,500,463,0.034964859508464,0.103509260383095,0.0503350673123681,0.0818170276608952
1,500,464,0.0488437321627975,0.105756977784287,0.0642127897543534,0.130053870676523
1,500,465,0.0371830956492121,0.0989468128721169,0.0436859902290634,0.15588638987417
1,500,466,0.0419756287135986,0.098652835584059,0.0519776648276327,0.14369672149787
1,500,467,0.0460816434004141,0.111593915844671,0.0550860520176555,0.110056337106509
1,500,468,0.0504713498818181,0.105630878924503,0.0539102956021014,0.103231631196731
1,500,469,0.0438334629200743,0.0970381468263197,0.0371499386849203,0.100074433572416
1,500,470,0.0376451752032481,0.103417489950791,0.0485479844635917,0.113155023098553
1,500,471,0.0420651534397154,0.0981160440686659,0.0618688106005574,0.0593572178801307
1,500,472,0.0401213851981577,0.0998141874264284,0.0457503498896668,0.110350001472745
1,500,473,0.0576216707889168,0.109169522261111,0.0535283137790206,0.0769175263599526
1,500,474,0.0372927465188442,0.106008513050181,0.0491875344608275,0.124833157401676
1,500,475,0.0337403652750856,0.0918130123093417,0.0336337580340473,0.106329458084658
1,500,476,0.0436841880723395,0.10384907421329,0.0750571812340541,0.108337350515451
1,500,477,0.0614400027529824,0.107631217784331,0.0644824972914499,0.179484835495138
1,500,478,0.0578259954895426,0.107209554963452,0.0556193230975441,0.135276479830429
1,500,479,0.0374550493637384,0.0984246673547744,0.0495411061917548,0.0699928666612224
1,500,480,0.035929998916068,0.109097686028912,0.0533902890844267,0.103688779315426
1,500,481,0.0378751391715595,0.103171740012494,0.0488595714880762,0.104987731654492
1,500,482,0.0459522141522646,0.0986623943910989,0.0408604759837108,0.0898250025313263
1,500,483,0.0449125678859288,0.101293434525216,0.0561017309190703,0.0945491480209246
1,500,484,0.0515430870388485,0.103339407732027,0.0520615229682109,0.101106886798713
1,500,485,0.0379111138927932,0.0989344192327464,0.0536336421627113,0.1598631965697
1,500,486,0.0461104437577833,0.103393630293871,0.0403256430853851,0.0669021865998507
1,500,487,0.0423731799035418,0.100912142065266,0.0545192944953783,0.0993016474359587
1,500,488,0.0475186221902932,0.0980158187967488,0.0645773639417759,0.0666630801024735
1,500,489,0.0488443283299018,0.0984894704242485,0.0333496480494104,0.127119975484742
1,500,490,0.0448097417641564,0.105328804269946,0.0564362277757997,0.0967874007155261
1,500,491,0.0439790785880256,0.103807483293389,0.0541209621066234,0.105389809406161
1,500,492,0.0332888378394622,0.103899657098943,0.0536075917406098,0.103586880627106
1,500,493,0.0419434818679427,0.100774665102949,0.0450076425781447,0.0917276737046346
1,500,494,0.0430686588341584,0.105840477788366,0.0462863868098846,0.103478777140402
1,500,495,0.0412539496210051,0.101258213257898,0.0440148591299503,0.122215744621811
1,500,496,0.0428941778464333,0.103120738653332,0.0525801162991522,0.115376731637088
1,500,497,0.0414786588744094,0.101914482557423,0.0559344042486358,0.180359065764667
1,500,498,0.0307279029394583,0.100823247871525,0.0480978603057731,0.0787322052394546
1,500,499,0.0481073907615768,0.114980075565102,0.0605905402320899,0.103545934413743
1,500,500,0.0367209112966382,0.0976974694583377,0.0473423911001003,0.0887172981626834
1,1000,1,0.038440798823647,0.102416328061701,0.0454675665254378,0.0282481284880722
1,1000,2,0.0403156725419269,0.0988965473006966,0.0446606447782256,0.0497348364817016
1,1000,3,0.0345124057307145,0.0967844613063535,0.049543338233683,0.0455726166612167
1,1000,4,0.0323915935934118,0.100808297441647,0.0528803522081818,0.0535403564102266
1,1000,5,0.0467750551126946,0.109915271265989,0.0432320064181666,0.0533170690668781
1,1000,6,0.0409047849967885,0.103895037848643,0.0476442903894525,0.0682467006615162
1,1000,7,0.0272207644600109,0.0961001551960843,0.0482635092817461,0.0486763417160441
1,1000,8,0.0431985963829342,0.0995423998621632,0.042819499046187,0.0492740691753795
1,1000,9,0.0354572653491254,0.100291240243174,0.0461845308663857,0.0548635614685384
1,1000,10,0.0357233846141429,0.102979560126154,0.0477706003050742,0.0524586153946931
1,1000,11,0.0337148708408976,0.101166075783497,0.0447844200394891,0.0488374717560174
1,1000,12,0.030571049091952,0.0933344465100334,0.033960302291568,0.054871322157324
1,1000,13,0.035336053891204,0.101846880543712,0.04240715527533,0.0542667546441706
1,1000,14,0.0349566109796731,0.0971232750582873,0.0395891678949662,0.0303640640292242
1,1000,15,0.035186266249418,0.0914474650829333,0.040697526141229,0.0452134638198898
1,1000,16,0.0369206094698253,0.103691417670098,0.0521208132737645,0.0462654365191195
1,1000,17,0.0349416599115555,0.106142775327666,0.0462773631375333,0.0358555118231128
1,1000,18,0.0384554126745229,0.101250053880607,0.0514977972354695,0.0660724728091044
1,1000,19,0.0358928806435834,0.0982525208781808,0.0470018234007503,0.0574356131104174
1,1000,20,0.0359139269246698,0.0958634520204538,0.0420227958497343,0.044667880267844
1,1000,21,0.0326322138039261,0.09663581280272,0.0357716755840927,0.0399555780101086
1,1000,22,0.0369215471431896,0.103020557207084,0.0535918150631871,0.0405698950438096
1,1000,23,0.0316843173955281,0.0972321329789083,0.0438086467007544,0.0417998891397486
1,1000,24,0.0344078533001879,0.100149206986204,0.0500225223842565,0.0611895231302952
1,1000,25,0.0364039053389984,0.101909064791397,0.0465622067455391,0.0420272241958659
1,1000,26,0.0409644897692516,0.10061205367733,0.0367657369567924,0.0449067189680206
1,1000,27,0.0352070766869197,0.102118057388338,0.04351693088069,0.0714489953610662
1,1000,28,0.042075441465836,0.103877832124219,0.0437054868189604,1.91032270584088
1,1000,29,0.0380595559728234,0.0962256979455418,0.0456743794429253,0.041268957293024
1,1000,30,0.0398992580918145,0.0963092043269711,0.0510686738582187,0.040151878785661
1,1000,31,0.0345810355435421,0.102839004006891,0.0549408628179704,0.0567147095191216
1,1000,32,0.0368437569982318,0.0992427404567575,0.0408692234987789,0.0579436933679049
1,1000,33,0.0415744553912731,0.102196993650105,0.0459808067289076,0.0585245618190995
1,1000,34,0.0416339738703848,0.0977398451484015,0.0449705048070093,0.0649002882248855
1,1000,35,0.0364941195364652,0.102799036862621,0.0405517131970137,0.0534284149767703
1,1000,36,0.0383386308176084,0.103990905344378,0.0464544475646431,0.0405805248586448
1,1000,37,0.0352549586100188,0.0991352063176076,0.0414856604955023,0.0425509848569747
1,1000,38,0.0354392703819377,0.108299641720592,0.0453187720265229,0.0649933419170707
1,1000,39,0.0342294127581817,0.0971725851588043,0.0393101620566745,0.0559118517332924
1,1000,40,0.0382349363820111,0.0965943436218033,0.0400437221154439,0.0480441667936931
1,1000,41,0.0415475721405771,0.105321218818019,0.0550912571222018,0.0663290523503337
1,1000,42,0.0371307687522058,0.106118734503017,0.0514953880734874,0.0441561686031524
1,1000,43,0.0387516863224784,0.101394058441866,0.050088517252963,0.0748015109627334
1,1000,44,0.0406438390331392,0.0994160153856691,0.0482753263482454,0.0428338008827276
1,1000,45,0.0483896613277774,0.098642898571162,0.0395186301622588,0.0560752240207141
1,1000,46,0.0427969022073837,0.0960639343501795,0.0393583728849458,0.0543520881555648
1,1000,47,0.033758847465412,0.0973834957964317,0.0411945880121884,0.0455830177274179
1,1000,48,0.0397317267653674,0.108321009831638,0.0504546434602671,0.116386864126944
1,1000,49,0.0286908694607928,0.0946029139213587,0.0406900808965431,1.07958617691982
1,1000,50,0.0350077970187768,0.0974520578053932,0.0416749551323947,0.0535987465660641
1,1000,51,0.0347161815456336,0.101431331946197,0.0392803537435511,0.0604142725596637
1,1000,52,0.0360273156189337,0.102636197440245,0.0469126995615425,0.0546861253619877
1,1000,53,0.0344155737722622,0.100268575553721,0.0382735922149926,0.0542958136515397
1,1000,54,0.0360970733217609,0.10477827026942,0.0469875722872803,0.104327389704482
1,1000,55,0.0424342319080977,0.106191929934963,0.0428003368881384,0.0571326442716291
1,1000,56,0.0334499119707226,0.0971151610606531,0.0483504228089364,0.0454979668144537
1,1000,57,0.0345772905899437,0.103431309234209,0.0459007832428344,0.0586539269088022
1,1000,58,0.0440699307264385,0.104927516239453,0.0408204731246105,0.0689310439428434
1,1000,59,0.0397460267196408,0.100286538952437,0.0533684526966356,0.0483669869001082
1,1000,60,0.0442107855134553,0.0985396966524912,0.0407513825594805,0.0457602856033239
1,1000,61,0.0370272782238104,0.109010319329314,0.0485871513709044,0.0438690553413559
1,1000,62,0.0345499858708,0.100566667506091,0.0518601680099211,0.0561074871912388
1,1000,63,0.0352117004696388,0.100544391954128,0.0476382854871993,0.0604426389584165
1,1000,64,0.038903719197803,0.100629975804166,0.053317764166084,0.0333689106206636
1,1000,65,0.0369278093479071,0.102269318799214,0.0442657964019784,0.035565253445035
1,1000,66,0.0433288707040413,0.101534493974748,0.0316965157051055,0.057128987640797
1,1000,67,0.0372706539170049,0.102871840988942,0.0483431063276085,0.0413866632101072
1,1000,68,0.0362947029510099,0.0958419050122568,0.0401131277732314,0.0408093897035042
1,1000,69,0.0405106412897163,0.105889555882945,0.0476679926180386,0.0658206883436068
1,1000,70,0.0384632903796596,0.102388933002876,0.0406789640586478,0.0493512450992841
1,1000,71,0.0378525335327626,0.101530294139522,0.0521418504144866,0.0510412410214769
1,1000,72,0.040088954957793,0.103414275536546,0.0449937667667175,0.0739554624273417
1,1000,73,0.0450481492863231,0.0958835966371239,0.0412532905663685,0.0620062489550133
1,1000,74,0.0356256411625417,0.0970710961003332,0.0446848045575661,0.0319841178726463
1,1000,75,0.0370746070113235,0.102932607141948,0.0517075553881579,0.0550909190562641
1,1000,76,0.0336408287675793,0.103383770346605,0.0473782673612491,0.0685138959238436
1,1000,77,0.030616613366532,0.0982611562368687,0.0397552963118413,0.0484023978398984
1,1000,78,0.0376567335390636,0.102492441778725,0.0520180007579985,0.0396221171719773
1,1000,79,0.0330854933135927,0.10055942828324,0.0522169384194444,0.0831471901557443
1,1000,80,0.036115558059437,0.104285766638525,0.0555074205654555,0.172622750279653
1,1000,81,0.043337247778636,0.107653761026395,0.0521003079056688,0.0462820492451874
1,1000,82,0.0407476279685686,0.0919987218780358,0.041141070638111,0.0605011710690191
1,1000,83,0.0362562240411488,0.106521216085902,0.0486444792118785,0.0295217054211878
1,1000,84,0.0374795928860401,0.101003036525356,0.0534784917642135,0.0548574692462047
1,1000,85,0.0326908995781039,0.0963743047353958,0.0413680319229097,0.0753611414302198
1,1000,86,0.0381604847461379,0.0997950438766306,0.0342319403042692,0.0677055717531174
1,1000,87,0.0353457244946136,0.0986561284130214,0.0443071491598501,0.0455044588276019
1,1000,88,0.0379133279565298,0.0901872118047777,0.0431416587065307,0.0617863900606719
1,1000,89,0.0359041525009509,0.0977597583719618,0.0504964637426997,0.0603343477349036
1,1000,90,0.0374588261432429,0.0962120200005512,0.0469906632468502,0.0555812752672353
1,1000,91,0.0315433042451594,0.0946229021082847,0.0448294872458079,0.034526500479634
1,1000,92,0.0384125948278846,0.106501796423838,0.0554542683320005,0.0443091438364993
1,1000,93,0.0334327317576941,0.100619432463609,0.057122501676641,0.0618615965508811
1,1000,94,0.0347055890881192,0.101984152247513,0.0397071816000178,0.0419679786857727
1,1000,95,0.0396069323861217,0.105515793721715,0.0522229495216191,0.0373155360058333
1,1000,96,0.0423502305955883,0.104430032745656,0.0630542068723623,0.052830467992703
1,1000,97,0.0393578160685688,0.0997979547995154,0.0391685772239672,0.0380717922415339
1,1000,98,0.0351251510378185,0.1011457206392,0.0407086969981947,0.0661884564569266
1,1000,99,0.0325081645638903,0.0970985344214881,0.0461509247069209,0.0370408918446206
1,1000,100,0.035226874274386,0.103321212151513,0.0500923977259908,0.0494002896726851
1,1000,101,0.0332034262606797,0.0969758537061516,0.0430152036110603,0.0598225150991005
1,1000,102,0.0368082327241233,0.0968037741692231,0.0499736653979987,0.0791802554075698
1,1000,103,0.0341558406149529,0.0964458462027524,0.0620696560574245,0.0567549666541318
1,1000,104,0.035951456228394,0.104661154209201,0.0518690488869897,0.0333550986074622
1,1000,105,0.039986213968491,0.0932289689407024,0.0418081651230076,0.0608982047317981
1,1000,106,0.0342778592620412,0.0997787685326956,0.0461503181404002,0.0632824593238221
1,1000,107,0.0378484400214538,0.104925321463053,0.0513780499766865,0.0471813127778864
1,1000,108,0.0323480837377421,0.0971878068699796,0.0421719898538784,0.044809441359873
1,1000,109,0.0378033933433188,0.0969545947534527,0.0514216554710543,0.0427165303731769
1,1000,110,0.0374576225908072,0.103222914828129,0.0375289476691192,0.0288383161149308
1,1000,111,0.0311230636065003,0.0982883203333442,0.0400989236799776,0.0261920275638829
1,1000,112,0.0396168090631845,0.100007540948686,0.0339040523192549,0.0429494599136626
1,1000,113,0.0306711193903413,0.0974958775285406,0.046968760098721,0.563860990649956
1,1000,114,0.0392341372980392,0.0991467049947707,0.0508119966510794,0.0433334318507466
1,1000,115,0.0339391416345884,0.101840690926455,0.0531269826475163,0.056232307436813
1,1000,116,0.0382330483180835,0.0954352098384414,0.0321318669421167,0.0457241395906869
1,1000,117,0.0377796574196612,0.10120832947934,0.0493507352754201,0.105299697244582
1,1000,118,0.0347733706969373,0.099555646677054,0.051084486553074,0.0559709109839179
1,1000,119,0.0339908014166621,0.0992211475718976,0.0484711521732355,0.0606582605782668
1,1000,120,0.0383053502001407,0.100025517840382,0.0513069139448494,0.0435067167839251
1,1000,121,0.0355045098449818,0.0970683722266563,0.0371895403440607,0.0388752948056714
1,1000,122,0.0373063316443816,0.101255879786227,0.0380882843837427,0.0489313108219802
1,1000,123,0.0380143452735064,0.102007854036215,0.0520196320115058,0.0748628994659184
1,1000,124,0.0396924537687782,0.103253462973824,0.0429461137025133,0.0462534221588047
1,1000,125,0.033382068801024,0.0969036196603694,0.0468272410482553,0.0468816997294228
1,1000,126,0.0334067092179873,0.105606249108817,0.0466142155227875,0.0610245236780376
1,1000,127,0.0354090169378409,0.100159765792649,0.0401330684717891,0.0398694565880471
1,1000,128,0.0455411334783948,0.105441255567088,0.0491747228255976,0.0456237465523903
1,1000,129,0.0366463856645327,0.102492969307695,0.0452759939323408,0.0457846037229679
1,1000,130,0.0362254837268889,0.0960713517364833,0.0446588885370378,0.0353753025936785
1,1000,131,0.0345372635346841,0.0969724993717347,0.0492398943359995,0.0510695282163225
1,1000,132,0.0435951020907317,0.100444381692858,0.0431775272987729,0.0681388200324786
1,1000,133,0.0389789086264427,0.105024325930828,0.047927455844712,0.0528797408817803
1,1000,134,0.0494168639490329,0.10595324037093,0.0442410034228935,0.0552640789635266
1,1000,135,0.0352206789559788,0.103551127483657,0.0502496392969334,0.0575104147294625
1,1000,136,0.0390682739752946,0.106482259192006,0.0472776101296275,0.0366288396487211
1,1000,137,0.0393564260188002,0.10231324247754,0.0503059236320915,0.0541343017156952
1,1000,138,0.0366041155993613,0.0979668716446376,0.0465190076197641,0.0611909317619923
1,1000,139,0.0367806269690245,0.10056417722458,0.0493557654236909,0.0561274811071837
1,1000,140,0.0390345158430225,0.0996986593535749,0.0482315432523315,0.0609893453616479
1,1000,141,0.0350460337947951,0.100478794379021,0.0404059040384575,0.0437456483586265
1,1000,142,0.0380351571754076,0.104059080412691,0.059767830337947,0.0522854517350557
1,1000,143,0.0382075888753619,0.100820304582054,0.0489201306901874,0.0605633864083051
1,1000,144,0.0380462668506349,0.101267200026851,0.0397599448701866,0.0536171677343256
1,1000,145,0.0344747614076653,0.102481188724,0.0441026704141154,0.0469926449208018
1,1000,146,0.0376695092021877,0.0989626057301982,0.0430586256297851,0.0398190716331444
1,1000,147,0.035216352941615,0.0972572349675516,0.0504130207472095,0.0720398226188903
1,1000,148,0.0299761074529565,0.0988624816514583,0.0429910775500004,0.0589948227686077
1,1000,149,0.0472605094789904,0.0980012261660983,0.0378322719982986,0.0623838441743891
1,1000,150,0.0316136040864028,0.100143592196086,0.0510437328920563,0.0267369855932866
1,1000,151,0.041518195256657,0.104685587211857,0.0471220419599339,0.0437262490044006
1,1000,152,0.042161324807285,0.0970605619421994,0.0548596726611201,0.0524065729587468
1,1000,153,0.058719846148052,0.10664727294614,0.0468517423035855,0.0874765297031548
1,1000,154,0.0388655218772966,0.106131780425527,0.0460361405266592,0.050702873590609
1,1000,155,0.0364264111916808,0.0961257656918886,0.0465306029490331,0.0527701456434269
1,1000,156,0.0351757523590919,0.0998597629046372,0.0473999630128468,0.060802327018761
1,1000,157,0.0483608856565938,0.0979340108782538,0.0355656834589659,0.0634686193583258
1,1000,158,0.0424129311885848,0.0971483146030052,0.0351306696624327,0.0457818737283633
1,1000,159,0.0389874119352602,0.105481993767397,0.0464935909053066,0.0580855869815589
1,1000,160,0.0379050290830309,0.106154511636757,0.0468563898010801,0.0521666311755966
1,1000,161,0.041786544782376,0.102423422532257,0.03844172871648,0.0298127522633229
1,1000,162,0.03733855141217,0.103009540609856,0.0484058225172137,0.0624009552194298
1,1000,163,0.0393847005054531,0.10521701315377,0.0483476018727729,0.0540527121011605
1,1000,164,0.03358381572187,0.101196223464615,0.046964434452724,0.0393392305160389
1,1000,165,0.0407391111459166,0.108830542199558,0.0532279573359657,0.0418027653868038
1,1000,166,0.0341180986908529,0.100440750073723,0.0526379168818214,0.06326091845403
1,1000,167,0.0367888321070808,0.0944719520113746,0.0384010453053947,0.0450536153421088
1,1000,168,0.033231636098324,0.095992274436113,0.0401639310175348,0.0630318560190661
1,1000,169,0.0357671354361058,0.0977620317343004,0.0579812726593927,0.785877461456078
1,1000,170,0.0341706636680699,0.103554877314036,0.0454821292829359,0.060456743542193
1,1000,171,0.0383836562886737,0.102119405746687,0.0544732269087602,0.0659938481679068
1,1000,172,0.038300292726938,0.106846245959756,0.0526457311872992,0.050568001329647
1,1000,173,0.037667859724686,0.0959158255548738,0.0435730325489736,1.476208677099
1,1000,174,0.0313873081381935,0.0956153115051297,0.0494326837131245,0.0561115223510382
1,1000,175,0.0338181119741994,0.094215121042889,0.0446258056643254,0.0664384977057675
1,1000,176,0.0379237412118001,0.0995474498856841,0.0471277704326094,0.0365604341529087
1,1000,177,0.0464724756316151,0.107519843773664,0.0514506041257621,0.0549415306036583
1,1000,178,0.0337724169679554,0.0870757805822631,0.0535831327172545,0.0647968940467489
1,1000,179,0.0344125183767454,0.100202617905447,0.036638936994468,0.055680820767644
1,1000,180,0.042445900690006,0.109057307883464,0.0544887757621175,0.0576892447489774
1,1000,181,0.0353165521825574,0.10360964497086,0.0568741128122314,0.0541228242238629
1,1000,182,0.0346506265932254,0.0987852778953229,0.0523596911349018,0.0478229904720302
1,1000,183,0.0356185734215015,0.0987441955745867,0.0475343293976027,0.0427628625936896
1,1000,184,0.0357089934717003,0.105697294680112,0.0469111560309345,0.0679536405339216
1,1000,185,0.0431673763576237,0.104012283081178,0.0464363458292754,0.059331111333899
1,1000,186,0.0338503804676318,0.093239602726477,0.0344060010726199,0.0528946224987765
1,1000,187,0.0365080292449376,0.103659012640338,0.060847942704334,0.0412041599599042
1,1000,188,0.0381560371096679,0.0997197159791405,0.0400663484554886,0.0525660516873565
1,1000,189,0.0371734750357158,0.101300195344102,0.0494502005757456,0.0765467970412606
1,1000,190,0.0386394477566878,0.104251514689294,0.0438915975327958,0.046493428852203
1,1000,191,0.0332649673287644,0.104054767965884,0.0559243935500473,0.0451354884881192
1,1000,192,0.0376788990574644,0.0984253003808142,0.0488279855224019,0.0647874312045953
1,1000,193,0.0403982772376286,0.10590627670569,0.0450994743225261,0.0670851871172358
1,1000,194,0.0368478908548275,0.101288082112005,0.0423700758695924,0.0528022358072808
1,1000,195,0.0355755523828305,0.10192080875442,0.0513238045248654,0.0360345992173807
1,1000,196,0.0340596904076846,0.0966268766275009,0.0496498671616707,0.0553132886441812
1,1000,197,0.0368991555076552,0.101927579759503,0.0398255431184755,0.0667709657412163
1,1000,198,0.04178575228113,0.105070270273659,0.0491248244377909,0.0580580711445182
1,1000,199,0.0425359211887375,0.106796473500582,0.0583974779701066,0.319808939623859
1,1000,200,0.0385836594835469,0.0947154046737799,0.0440750875243501,0.0611019865661397
1,1000,201,0.0372993287079972,0.0979333684090338,0.0466143427721144,0.0528296222264522
1,1000,202,0.0362580290623302,0.0967607071896299,0.0428634866432553,0.0550100186653097
1,1000,203,0.0398326968534708,0.105514760619015,0.047332124904478,0.0587422801886255
1,1000,204,0.0312325241066023,0.0986045497915391,0.0438707007191796,0.0430891757594511
1,1000,205,0.0358929376120873,0.103101728669782,0.0593115240222766,0.0665344393655292
1,1000,206,0.0408435559897411,0.103751950447752,0.0513957424379738,0.0442162934971519
1,1000,207,0.037596069135744,0.102000008808315,0.0535392743771657,0.0377221690871699
1,1000,208,0.0378199143773414,0.0965613659103857,0.0389447153883193,0.0654439230469834
1,1000,209,0.0422110208880988,0.103677714170933,0.048298996921232,0.282173550110453
1,1000,210,0.031999933010205,0.103048423303037,0.0501306617857344,0.085211633569527
1,1000,211,0.0426741882885442,0.104460455721548,0.0582653038828449,0.0503910172557285
1,1000,212,0.0370115565437168,0.103468529726627,0.0606814705355929,0.0615001613420032
1,1000,213,0.0351363185888576,0.0994427935453601,0.0508311130866486,0.0584371925610527
1,1000,214,0.0392079425843954,0.0975757603386551,0.0442611151234895,0.042950235710234
1,1000,215,0.0351809395994886,0.10182177200287,0.0445759144714839,0.0555539680865236
1,1000,216,0.0453088077139518,0.104378336882461,0.0581399843127406,0.0758586517326199
1,1000,217,0.0359256220122142,0.0993794721306585,0.0439992290454914,0.0502727453499854
1,1000,218,0.0320904475549901,0.0982154526812007,0.0519267014886948,0.0506725960037375
1,1000,219,0.0320172426956238,0.0961257683771048,0.0349066740711912,0.0429963111035261
1,1000,220,0.038962002391262,0.102129405188036,0.0408033838430852,0.0363223279141702
1,1000,221,0.0411664349446792,0.0993757537841364,0.0490789487944583,0.0336521938212093
1,1000,222,0.0357065907814491,0.096319961280545,0.049639686501697,0.0515437198246038
1,1000,223,0.0341343673352299,0.0983101604009804,0.0478047037047127,0.0535514024201933
1,1000,224,0.0414892018623818,0.0990164323205307,0.0363126174509694,0.0550670243802149
1,1000,225,0.0345558618049262,0.098454462487461,0.0479132248782399,0.0452995834043821
1,1000,226,0.0397300586531495,0.103716090459561,0.0459629052824397,0.0492721260011493
1,1000,227,0.0351763756594998,0.0975139170519008,0.0514991687049771,0.0391659141631142
1,1000,228,0.0430294343276107,0.102100664663761,0.0509744618019203,0.0606624153900015
1,1000,229,0.0351674363249794,0.102699954303543,0.0515945952151673,0.0339691771399586
1,1000,230,0.0316705187519131,0.101462567461655,0.0444855767189378,0.049354073505862
1,1000,231,0.039434931150556,0.098202581968365,0.0451480543055671,0.0549290309544523
1,1000,232,0.0422841381907439,0.102813644084685,0.0389325425862157,0.067228011190861
1,1000,233,0.03312074473489,0.0960895210223653,0.0507897024252786,0.0473670110033908
1,1000,234,0.0328750068720542,0.100163654913026,0.0383899723649086,0.0648287256801443
1,1000,235,0.0366180122291304,0.109579705616848,0.0510220082050723,0.0572750426578905
1,1000,236,0.0380510646303709,0.0970320797984681,0.0457838767413754,0.0492112701991485
1,1000,237,0.0350289064333869,0.101287241820599,0.0440989561647109,0.0552888472298836
1,1000,238,0.0367458046931732,0.100985742790814,0.047730441107432,0.0482373904795261
1,1000,239,0.0338724096422498,0.0995976908725835,0.046013342012474,0.0630961281199713
1,1000,240,0.0344767909546924,0.103429566144096,0.051320824925577,0.0642295839159455
1,1000,241,0.0387125597578688,0.099221241740475,0.0432315922291768,0.0321336798820524
1,1000,242,0.041053761045696,0.104485896819368,0.0542720237266239,0.0682383988023911
1,1000,243,0.0489433691908612,0.103855510922672,0.0562557054842459,0.0488082639871976
1,1000,244,0.0373516211388911,0.104730623445336,0.0549841887888824,0.0582067462540032
1,1000,245,0.0357271174253107,0.0984409828212602,0.0480524318059177,0.0574175072441303
1,1000,246,0.039791919292208,0.100603329730931,0.0556815743252848,0.0552394356697921
1,1000,247,0.0390456498022669,0.10341912888963,0.0582335936689391,0.0580027088085386
1,1000,248,0.0373342998360904,0.0981902909608099,0.0513776989983654,0.073382540167316
1,1000,249,0.0386473562031784,0.0987915861449484,0.0512704282864804,0.0603946321901168
1,1000,250,0.0363054688250042,0.101318125266634,0.045910080710627,0.0358940518244848
1,1000,251,0.0385550810153903,0.103596951795075,0.0454923698380645,0.0431632445965817
1,1000,252,0.0319633597220894,0.0961848405117498,0.0414156138304558,0.0405277369596431
1,1000,253,0.0461103596888246,0.103341525583409,0.0432577953137521,0.0703476280853776
1,1000,254,0.0344184156491025,0.099923656523879,0.0417417110511353,0.0508474009999618
1,1000,255,0.0304453659593955,0.102254984426022,0.0553308912475308,0.0434274007323168
1,1000,256,0.0383509853677535,0.0996092437913978,0.056610766737953,1.41718203280604
1,1000,257,0.0351951944193085,0.100258963707168,0.043612154776054,0.0380094954288162
1,1000,258,0.0350862854713532,0.10179650253213,0.04707029878725,0.0533034337366889
1,1000,259,0.0395156940107848,0.106480503523758,0.0429431191711591,0.0427623191739566
1,1000,260,0.0332757432084998,0.102958308443605,0.0378130998176616,0.0612662476401136
1,1000,261,0.0327527434588397,0.100022743855978,0.035540310330904,0.0405825402167399
1,1000,262,0.0317009721084649,0.0994699819378619,0.0413529725897523,0.0327679154065794
1,1000,263,0.0381559902614279,0.0958378929017152,0.0312107212989288,0.0395976341521735
1,1000,264,0.0351119534365552,0.0997298006619578,0.0491616789416656,0.0559771611733093
1,1000,265,0.0385768245191598,0.100447189849864,0.052467487375585,0.0572885715347422
1,1000,266,0.0322217631180179,0.099819621703179,0.0454952545377665,0.0322959481680236
1,1000,267,0.0356008061480331,0.100659802754135,0.0447631801772181,0.0589884048619096
1,1000,268,0.0378047009469678,0.0965266506564706,0.0417921452770424,0.0468685446643673
1,1000,269,0.0363042028700185,0.104123191825522,0.052920508737331,0.0415701104025938
1,1000,270,0.0437678438580202,0.108452325529735,0.0653955560958068,0.0493656953080674
1,1000,271,0.0368308271698539,0.103389064162081,0.0487494376716375,0.0458867272498749
1,1000,272,0.0395236819965608,0.104454635383429,0.0431421041907685,0.0372227866202655
1,1000,273,0.028259208208024,0.0911471492477258,0.0395920917272543,0.0344149674577687
1,1000,274,0.0417194145639626,0.102137485642793,0.0583628122873254,0.0421514430251224
1,1000,275,0.0410642489865971,0.104423099939108,0.0529770405196111,0.0446296691655281
1,1000,276,0.0379576796098997,0.0967405126800467,0.0554675991867732,0.0543140895905787
1,1000,277,0.0419149052195569,0.101546761676831,0.0463272957403003,0.0414934745736255
1,1000,278,0.0421347257067728,0.0993904940851627,0.0467322855401613,0.076291777741345
1,1000,279,0.0352818495006508,0.100285654106457,0.050667540748079,0.0685378033695396
1,1000,280,0.0389063868631563,0.097292069388464,0.0489338647204929,0.050498663151207
1,1000,281,0.0461629507292829,0.103761929598368,0.0464746639136826,0.0592278125882475
1,1000,282,0.037116417304621,0.0924477305500986,0.0507933202607482,0.0637171484377104
1,1000,283,0.0362245417803952,0.0965774552691401,0.0369553574838986,0.0327237130105034
1,1000,284,0.0355885257782227,0.101120118784428,0.0431721574242507,0.0281932281078827
1,1000,285,0.0383385009053001,0.10135935046735,0.0419269804261551,0.052471913446356
1,1000,286,0.0420637423989787,0.10692800228211,0.0474190186319934,0.0608227545264883
1,1000,287,0.0422501415289336,0.102493969135389,0.038284103760283,0.0422864609547955
1,1000,288,0.0352808146257673,0.0975531278978718,0.0387134409754206,0.0501947028880412
1,1000,289,0.0379106618844649,0.102478349775001,0.0462174471335779,0.0417467558072055
1,1000,290,0.0378674587089953,0.0969584460627835,0.0351808858954838,0.0412548175899901
1,1000,291,0.0367595562627523,0.100633876529634,0.047715691685327,0.067629715695869
1,1000,292,0.0390450124662909,0.104199628064187,0.0557962210810417,0.0439898950379078
1,1000,293,0.0380447241377024,0.0976137736420766,0.0412660025851985,0.0525280042950294
1,1000,294,0.0340145870305046,0.101511910629611,0.0460748157027231,0.0492169222805965
1,1000,295,0.0390884646759841,0.101278103570852,0.0371255379209101,0.0431374218006992
1,1000,296,0.0344266269307405,0.0984608109926857,0.0469036700329868,0.0482045854748077
1,1000,297,0.0316643513834329,0.0980497299079768,0.0435227426484945,0.0369920842766163
1,1000,298,0.0346640905888516,0.105254194867571,0.04536475002371,0.0627746759441865
1,1000,299,0.0367349468163511,0.102987525474438,0.0631801715370084,0.244578635631942
1,1000,300,0.0356913300098138,0.101898739298878,0.0514142795545711,0.0476074591276314
1,1000,301,0.0351077974161773,0.0947132046376655,0.0428190707238856,0.0586874539740496
1,1000,302,0.0383949668664911,0.0987459159539725,0.0536709938371842,0.0555599823099315
1,1000,303,0.0364841298689809,0.100000595361529,0.0544259265964593,0.0446986709950437
1,1000,304,0.041758003590868,0.104412181675943,0.057794378582348,0.0513334565613297
1,1000,305,0.0382807986883114,0.0967200467520444,0.0556926625439707,0.0703414999784959
1,1000,306,0.0360114499566091,0.102077522730691,0.0452657723491448,0.0560659332575515
1,1000,307,0.0408663881462028,0.0991818184024806,0.0494629289250199,0.0458930172101659
1,1000,308,0.0433336821065156,0.105759045015028,0.0568491740787973,0.0748082419627125
1,1000,309,0.0391377092033673,0.099185257139965,0.0602515557933627,0.0586234939632861
1,1000,310,0.0420234783075275,0.0988460168702172,0.0445651644823086,0.0505863376328748
1,1000,311,0.0388448146512286,0.0970851222715556,0.0340113876269714,0.0520599902795569
1,1000,312,0.0425744804723056,0.104863268894738,0.0677926498842027,0.0415649905751758
1,1000,313,0.0423921744584306,0.108738515566802,0.0673783627363052,0.0789799447109851
1,1000,314,0.0364534816262345,0.102509224156034,0.0491209957784049,0.0522081518322874
1,1000,315,0.0354953588235325,0.105491254902029,0.0504070844233786,0.053665928150854
1,1000,316,0.0388883011654613,0.0997118114653119,0.043603788870342,0.0310729075893121
1,1000,317,0.0433401301911733,0.106371543590897,0.0508911365861102,0.0427743732935517
1,1000,318,0.0427558983690619,0.101076000255314,0.0480404813562541,0.0645875911927145
1,1000,319,0.0353550301709458,0.0990622668440619,0.0382646495534018,0.0457811542132389
1,1000,320,0.0354269324908776,0.0955512568633954,0.0390572874811888,0.0539417280496084
1,1000,321,0.0408726076508892,0.102652137835788,0.0447328503589139,0.0468319867778233
1,1000,322,0.0373776156580785,0.102621901829963,0.0339642192025835,1.19560874906913
1,1000,323,0.03084355517323,0.095632819518068,0.0510081902390993,0.0445488836385171
1,1000,324,0.0440889543028675,0.101650590114736,0.049308872376854,0.0471280726045371
1,1000,325,0.0362167235613595,0.102709572235614,0.0425762539878334,0.0497331733648438
1,1000,326,0.0389112079311345,0.0970225585176892,0.0555023715497052,0.0557242372786046
1,1000,327,0.0386527977797158,0.100547329575849,0.0479930156485975,0.0552502095948921
1,1000,328,0.0395451037585981,0.102207795962174,0.0393250804701375,0.0414155186729754
1,1000,329,0.0330316712340741,0.105565238666877,0.0382569393600878,0.0425751371890239
1,1000,330,0.0339465867166704,0.10017623700157,0.0391941513261524,0.0428377418598744
1,1000,331,0.039803507987612,0.0993133960782202,0.0442497946079987,0.0489917175560364
1,1000,332,0.0354222159755606,0.10333688060906,0.0443413704839228,0.0580478121142027
1,1000,333,0.034147267817958,0.0992493235240692,0.047416248070232,0.0450543838791626
1,1000,334,0.0361073763151256,0.105004330093222,0.0479062269655512,0.0574421672997107
1,1000,335,0.0382885863192819,0.102614150471357,0.0527876082704368,0.0428092240288303
1,1000,336,0.0403681168482644,0.0941266872489896,0.0445301724464546,0.050362311952872
1,1000,337,0.0359270670894893,0.100314915653942,0.0556038242729067,0.0638611887987175
1,1000,338,0.039254527529115,0.105060394115767,0.0529793828468825,0.0671156851499128
1,1000,339,0.0327970752119022,0.102340161556449,0.0431713381990277,0.0430283390540798
1,1000,340,0.0386205763860925,0.100371913474472,0.0421013129029844,0.0384629371120717
1,1000,341,0.0320339861289596,0.101915012947552,0.0407891609655568,0.0600163008218648
1,1000,342,0.0426719516170144,0.101040569500641,0.0474529424170569,0.0606257003136912
1,1000,343,0.0393618921525574,0.0997286131896318,0.0519983975690497,0.0660728524672383
1,1000,344,0.0385505746792294,0.100584613643121,0.0440542356823042,0.0456283494606002
1,1000,345,0.0370911878903533,0.0966495415552617,0.0369888823762345,0.0490054763508436
1,1000,346,0.0340580604674885,0.103496620064229,0.04222797630139,0.0484011477722854
1,1000,347,0.0335702403056997,0.0990001826626938,0.0448486564440123,0.0569228544987508
1,1000,348,0.0348754797578568,0.0993830371897113,0.0550817984893401,0.040229209475718
1,1000,349,0.0347166080911345,0.10004038538475,0.0489786654631796,0.0359604275892289
1,1000,350,0.0398443637070485,0.101486584600689,0.0599582443910709,0.0645946939339133
1,1000,351,0.0400526179533356,0.101846985647572,0.0428212288049756,0.0353360632948838
1,1000,352,0.0314705092127678,0.0974995161423253,0.0352063258857702,0.0396269034212233
1,1000,353,0.034492679692163,0.0994712870092196,0.0399128427358006,0.0453469910720166
1,1000,354,0.0368326117910664,0.0986403637128876,0.036430910266249,0.049411006325919
1,1000,355,0.0352688196818376,0.100445512999427,0.0494128808080274,0.0418648329141149
1,1000,356,0.0420821569770882,0.0941509967805478,0.0492410626053956,0.061956981844806
1,1000,357,0.0356941513859872,0.0973937385070125,0.0589189753251378,0.0406542030625292
1,1000,358,0.0395797522543155,0.106229872958532,0.0510462617262606,0.0436656295636648
1,1000,359,0.0421484693109897,0.102988933940053,0.0494193760395356,0.0473699827804861
1,1000,360,0.0327417158127987,0.0978523031226801,0.043977503290171,0.0483230144576838
1,1000,361,0.0295708432835735,0.096073392303849,0.0462106519918712,0.0551118185384618
1,1000,362,0.0396256355515947,0.0961901004068815,0.0389878898698663,0.0399732550648426
1,1000,363,0.0334768045832634,0.102287566310267,0.0404971839331894,0.029104157968642
1,1000,364,0.0332707440254449,0.096354927323367,0.048251571254385,0.0394349752840801
1,1000,365,0.0356458921614933,0.0976528684328861,0.0411012038343999,0.0460957401610129
1,1000,366,0.0387095545447487,0.103539931150676,0.0470886355016042,0.0376855229317428
1,1000,367,0.0359835824276076,0.0993932246900391,0.0452698687607236,0.0419548593461769
1,1000,368,0.0341331735551536,0.0970202839743151,0.0495206796707051,0.0488321821555011
1,1000,369,0.0412596814011645,0.0988369545646695,0.0381041530812987,0.0611442737947168
1,1000,370,0.0431291424356322,0.10317339939499,0.0542845953396871,0.0575389621244387
1,1000,371,0.0410914170533643,0.102731200711248,0.0499451789790613,0.0695827269860663
1,1000,372,0.0356413119830967,0.0999828493003923,0.0434625043676808,0.0399484025233148
1,1000,373,0.0369672758467061,0.104674150042189,0.0473693127863148,0.0441114458976855
1,1000,374,0.0398938326368421,0.0975677262330006,0.0483996123028734,0.0414382619777289
1,1000,375,0.0342269404133126,0.0953687565645405,0.0441023918662649,0.0650855133090358
1,1000,376,0.0337247165465624,0.105311604416511,0.0343918101280476,0.0584675492273117
1,1000,377,0.0355594533955494,0.0999122641715369,0.040846908735866,0.0386261931880083
1,1000,378,0.0347226562609713,0.0963031754343375,0.0473909086987216,0.0592852011054237
1,1000,379,0.0375976980349444,0.0985911780872093,0.0345757872677304,0.047552581601169
1,1000,380,0.0401397779504435,0.0957084269101109,0.0446390003510511,0.0319996020748234
1,1000,381,0.0373446331124734,0.0984887416926641,0.034981624280225,0.0576707548610127
1,1000,382,0.0462922005818238,0.10020487508474,0.0434011459108588,0.0541917395262641
1,1000,383,0.0501499996660912,0.102075426420107,0.054737661383782,0.0596004712184743
1,1000,384,0.0355469338240926,0.102950559101617,0.053841369469219,0.0561520724781635
1,1000,385,0.0400459711590901,0.0982115672325867,0.0462872760164497,0.061552987727393
1,1000,386,0.0356367152252883,0.100238457833781,0.0519190377929997,0.0527706264644268
1,1000,387,0.0421395368034907,0.107994555315444,0.0663364062958161,0.0641473549830474
1,1000,388,0.035859441827883,0.0988783223690997,0.0545746713346003,0.0713032380551586
1,1000,389,0.036103439909231,0.0997115328296823,0.052201252318683,0.052216874485475
1,1000,390,0.0348566804800161,0.102475830876705,0.039904969241249,0.0619655525134422
1,1000,391,0.0403666291035756,0.101538616054325,0.046500251136107,0.044738893454932
1,1000,392,0.0400479953913915,0.102576247457225,0.0512677207918579,0.0547503258883857
1,1000,393,0.035514587102671,0.0983174872486658,0.0506098413190013,0.0379185287985042
1,1000,394,0.0391559013366116,0.0972620391781525,0.0430691252959392,0.0452577858505974
1,1000,395,0.0332941066567127,0.104316106419231,0.0544026177482777,0.0500146152912908
1,1000,396,0.0383133768723709,0.102800487660748,0.0489971550592363,0.0332709828641637
1,1000,397,0.0347429065074261,0.100639290910941,0.0549803511237004,0.118236545251963
1,1000,398,0.0378193769025137,0.101717489031585,0.0607809181926626,0.0458347592328696
1,1000,399,0.0343032176490352,0.101825031798909,0.0460577906094923,0.0603912678249254
1,1000,400,0.0394389616691624,0.102766082924947,0.043317033589211,0.0640164304759401
1,1000,401,0.0364268244009356,0.100372235687659,0.0545319044213368,0.0785682961113585
1,1000,402,0.0349191660044366,0.102669527182339,0.051291878316986,0.0338534247038988
1,1000,403,0.0394028429946525,0.103976733660325,0.0426467476259647,0.0546132577489413
1,1000,404,0.036912493979683,0.104481845922517,0.0568356823813685,0.0469029614987655
1,1000,405,0.0349555174440879,0.10370204325271,0.048428788794965,0.0583301564173966
1,1000,406,0.0349472382999871,0.0973774554593028,0.0454713191435212,0.0305521430650912
1,1000,407,0.0373982778311497,0.0999450721284987,0.0490269906894683,0.0536569781523815
1,1000,408,0.0450500476111753,0.104187226074714,0.0540824263445989,0.0802627621558409
1,1000,409,0.0384072471639927,0.1048301827054,0.0464570051914353,0.0674773091726093
1,1000,410,0.0382699313833605,0.0988380868199636,0.0457549946349132,0.0533682333296368
1,1000,411,0.0310216336313285,0.101750069035056,0.048648094508291,0.0578437483756817
1,1000,412,0.0392944545619789,0.0976430345323038,0.0459564072138146,0.0405676339889911
1,1000,413,0.0344677638341608,0.0980977973886401,0.0375268324814564,0.0430925611167983
1,1000,414,0.0405612731988292,0.104624729640794,0.0438791970844437,0.040416622942187
1,1000,415,0.0369547820831144,0.101611469713301,0.0551233460619076,0.0691462362384507
1,1000,416,0.0329241993586036,0.0987785681716782,0.0501456863996785,0.0487004574364476
1,1000,417,0.0434028393593875,0.093482656103953,0.0455116831358306,0.0716367315397151
1,1000,418,0.04129735684742,0.106884556348646,0.052978836976564,0.0477828036793884
1,1000,419,0.0422738299974981,0.102425103126746,0.0550722162966486,0.072478046140706
1,1000,420,0.0369831052666596,0.0990489526001967,0.053515989464193,0.0749179339577806
1,1000,421,0.033574420520166,0.0969672059117423,0.0462571517379697,0.0545692326851068
1,1000,422,0.038165686006306,0.0989093258011271,0.0530385773645421,0.116738902189233
1,1000,423,0.0345851058313509,0.100830916865971,0.0518794596045558,0.0434503240648949
1,1000,424,0.0354845618561672,0.100587683008381,0.0393328340306389,0.0363872161446746
1,1000,425,0.0369819797144637,0.0999925373610591,0.0374953783050067,0.0765879359618604
1,1000,426,0.0362880617769408,0.10313098443248,0.0549881534492536,0.0454002963699365
1,1000,427,0.0317500987001096,0.100714907789232,0.0504606265269842,0.0536413077720299
1,1000,428,0.039044839935737,0.101365458408895,0.0558323608753921,0.0529531420581584
1,1000,429,0.0412492430415132,0.0977998790810075,0.0420608269967528,0.0526512554517158
1,1000,430,0.0427169090735509,0.102283878382865,0.055144178217599,0.0535564842739296
1,1000,431,0.034365833501276,0.0907096788108286,0.0512699439095341,0.0603189070380699
1,1000,432,0.0377997569771615,0.0978748414301547,0.0461274360079471,0.0543318433599853
1,1000,433,0.0353275106320865,0.101267111703972,0.0437857444436218,0.0531852138549789
1,1000,434,0.0338814278571316,0.0906967182140479,0.0397545282931029,0.0476967780789264
1,1000,435,0.0381577872044139,0.102549699605123,0.054143800623913,0.0476847710340065
1,1000,436,0.034715305593646,0.102780649620168,0.0541361487077214,0.0489660701303687
1,1000,437,0.0318791822302305,0.10533965325727,0.0465604034136269,0.0298196327529268
1,1000,438,0.0368746189806688,0.0992174470171236,0.0469120840237125,0.0681784902385423
1,1000,439,0.0432872514794811,0.103528672566978,0.0386882661592971,0.0658528848978568
1,1000,440,0.0513477307247137,0.104683886701265,0.0598915076334006,0.0842992845009232
1,1000,441,0.0336111895944897,0.102572791461536,0.0475373234858201,0.0420606147681983
1,1000,442,0.0357591513591649,0.0979080069069622,0.0506222336234528,0.0648420712004762
1,1000,443,0.0399349639584976,0.104514593103262,0.0478306939668294,0.0505910647073013
1,1000,444,0.0345463093054945,0.099114698890947,0.0521067779781239,0.0348722102493464
1,1000,445,0.0399646468576234,0.107231158083794,0.0734511754451281,0.0407714978861018
1,1000,446,0.0389126050757014,0.10063725515348,0.04958577428012,0.0458555652628614
1,1000,447,0.0334913857284209,0.0974712310655137,0.0462943744997155,0.0460123285713676
1,1000,448,0.0460861151099832,0.100492103102052,0.0486891305320034,0.0549134377741138
1,1000,449,0.0369892426285316,0.0982811637416485,0.0486163785754863,1.13513413073667
1,1000,450,0.036904165071344,0.101616165965623,0.0501895226503009,0.0462062276022239
1,1000,451,0.0429457651559317,0.1090224577145,0.0510177305275497,0.0648641372974716
1,1000,452,0.0341542620117856,0.0975372456403831,0.0487482241580326,0.0482402139144833
1,1000,453,0.0369210693925641,0.099252924435415,0.0441253746149195,0.0657347976888272
1,1000,454,0.0375801239294029,0.0967693363951168,0.0574846911079367,0.0503836640777839
1,1000,455,0.037614499953341,0.0984619147717141,0.052798864879942,0.553767614109047
1,1000,456,0.0399721218941369,0.100969558825661,0.0466677738253227,0.0455678876772567
1,1000,457,0.0370029871183213,0.100796038836156,0.0447931056946087,0.0537238186894402
1,1000,458,0.0308719008643403,0.0972761106511721,0.0439705205588439,0.0467305795790136
1,1000,459,0.03371797700611,0.100146587776742,0.0450785739614172,0.0492461653890703
1,1000,460,0.0376321360179037,0.102474142604672,0.0584976008459108,0.0692665166248041
1,1000,461,0.0393979410569065,0.103536208014944,0.0453924159399659,0.0347493163041885
1,1000,462,0.0369024011529855,0.0996473571220324,0.0453949178123816,0.0871806688719874
1,1000,463,0.0419420770553032,0.105306147936558,0.0442696847776782,0.0436571884776595
1,1000,464,0.032774910718991,0.100423931889284,0.0519921521739284,0.0565763894109361
1,1000,465,0.0353584749684925,0.0966852130005662,0.0415891939844237,0.0440198793168216
1,1000,466,0.0428106107060588,0.100686109299064,0.0576917975534932,0.0460171658361408
1,1000,467,0.0401631382120784,0.103977050672421,0.0480334147586641,0.725189289130902
1,1000,468,0.0388547132941588,0.0981882245675432,0.0440860237177427,0.0676018914321805
1,1000,469,0.03715639292728,0.098941044784927,0.044369969174016,0.0565937794385112
1,1000,470,0.0291776422185941,0.0972760957035919,0.0525948747537281,0.0285291739321234
1,1000,471,0.0317584844477528,0.101867606987594,0.0481280002105311,0.0236076868251203
1,1000,472,0.0347550671503993,0.100214664913677,0.0530043801776712,0.046449761496365
1,1000,473,0.0367875441618304,0.0988494506651272,0.0484404078056941,0.0544998138605066
1,1000,474,0.0358440507574136,0.103469552853243,0.0486136341842638,0.0580613480958545
1,1000,475,0.0378807551141269,0.101543295171417,0.0410161503194844,0.0517076648802473
1,1000,476,0.0380038162245975,0.0976266954795115,0.0451764549297704,0.0449324226500665
1,1000,477,0.0388666962801629,0.104060341808957,0.0508477468551509,0.0311125700443535
1,1000,478,0.0426992558337378,0.105808888112759,0.0458056591137308,0.0607047596350763
1,1000,479,0.0370411120848322,0.0990539123721412,0.0480205342395201,0.0388082801172707
1,1000,480,0.0372534050909421,0.0969306241150014,0.0327727304713459,0.0651066490509298
1,1000,481,0.0371277730106041,0.102437547020771,0.045938577400912,0.0525801431314739
1,1000,482,0.0354439422163755,0.109417653017062,0.0535461753437272,0.0485701078062628
1,1000,483,0.0311507542648226,0.0910161952878843,0.0445299476147261,0.0627967978409851
1,1000,484,0.0336746780629957,0.105950293695483,0.0517691754700578,0.0557490090963191
1,1000,485,0.0400131614527401,0.0984094008522596,0.0518613890352617,0.0588629752498695
1,1000,486,0.0396212129289588,0.103379143667193,0.0439884430857618,0.0668205407038311
1,1000,487,0.0338029677319212,0.102466606695021,0.0582621008528013,0.041209387466171
1,1000,488,0.0346035993570513,0.097237479692458,0.0377934294547531,0.0542766701263571
1,1000,489,0.036638975830571,0.102336763869251,0.0498501745192466,0.0576913296880088
1,1000,490,0.0354772772313132,0.0957564697223154,0.0434887967178832,0.0605842656271423
1,1000,491,0.0397331985844878,0.0987012561180918,0.0364903866349708,0.0457696232268097
1,1000,492,0.033324914743506,0.0943535822997732,0.042126975028471,0.0520570314720206
1,1000,493,0.0333105699699603,0.0970328932209026,0.0402199344227734,0.0569851893528279
1,1000,494,0.040565234603164,0.101337455236088,0.039226727376896,0.0587036052615253
1,1000,495,0.034895688478159,0.0944037186818436,0.0487637132918723,0.0723219356546343
1,1000,496,0.0365457422207409,0.102020235749787,0.0413687629226349,0.0795450333437433
1,1000,497,0.0469372093374296,0.105952324847554,0.047148945869826,0.0595458927589243
1,1000,498,0.0343591702440593,0.101621266235747,0.0466591403926011,0.0480727947712924
1,1000,499,0.0366198775431521,0.105292729403792,0.0487521067401662,0.0434140940283148
1,1000,500,0.0384894964481537,0.104129975770252,0.0550432627150133,0.0531368940928727
1,1500,1,0.0358535722809794,0.102500248866352,0.0442665051952797,0.040134382487478
1,1500,2,0.0376869927082808,0.101227097002312,0.0409816806250456,0.0296247122574504
1,1500,3,0.0413964132324254,0.10099705983103,0.0447485301916162,0.0437121835292293
1,1500,4,0.0386692829033353,0.104375222007651,0.0526865849197879,0.0291892649682421
1,1500,5,0.0340861075838357,0.099953608865532,0.0419212090366547,0.0263373260981354
1,1500,6,0.0397529361179052,0.102840716560195,0.0524426863509251,0.0236359628378819
1,1500,7,0.032378793601755,0.0994718050263919,0.0418889333445529,0.0356164455917185
1,1500,8,0.0355489790989432,0.104375965265519,0.0487314720806267,0.061069699024997
1,1500,9,0.0370867956750904,0.0990564601701636,0.0420246456802225,0.0330796229561148
1,1500,10,0.035972733931638,0.105441975073031,0.0426527667942127,0.0385030886013038
1,1500,11,0.0338198721222711,0.0975976718239062,0.0472588205132458,0.0469095910576789
1,1500,12,0.0350061725458033,0.0977749943569159,0.0424212015907381,0.033705317726034
1,1500,13,0.0358734185246201,0.105312668534598,0.0587501714856575,0.0475207083923426
1,1500,14,0.0374652448102204,0.100379320421863,0.0535936573331386,0.0281118468769164
1,1500,15,0.0365280094314158,0.100493426535913,0.0455056461178283,0.0432467755972397
1,1500,16,0.0395213254735582,0.100373857422033,0.0373402121632305,0.0423391638896065
1,1500,17,0.0307277826663848,0.0997671866549237,0.0410182460404911,0.0270735714348287
1,1500,18,0.0335825882852019,0.105939812346633,0.0446284980021714,0.0343953013489287
1,1500,19,0.0364259294034406,0.0924662773784533,0.0323321421458607,0.0437252817204961
1,1500,20,0.0320558267689539,0.0961265271520708,0.0413384346345684,0.0333084264701502
1,1500,21,0.0361417875694927,0.0955685739799035,0.0538319617025136,0.0485747344043801
1,1500,22,0.045284248849075,0.102181251267558,0.0545096319464575,0.0484144996966476
1,1500,23,0.033884690472163,0.0957051334404093,0.0377696482821068,0.0261443582352248
1,1500,24,0.040601679264314,0.10918939372991,0.0629702527995943,0.0386097418291778
1,1500,25,0.0368390440312882,0.0964518473887039,0.0443647772631943,0.0437184779698072
1,1500,26,0.0343815213185099,0.100648862920162,0.041906516801423,0.0355485170960272
1,1500,27,0.0351490545446895,0.10271753232193,0.0434593370774772,0.0362537673416803
1,1500,28,0.0344263249556827,0.0975310276304373,0.040664229726507,0.0388402200092006
1,1500,29,0.0348945069017772,0.109108631023346,0.0502928066165327,0.0319953107154449
1,1500,30,0.0375113219796408,0.0987345383948748,0.0562032615101362,0.0324031100893789
1,1500,31,0.0393194764549172,0.105209823688438,0.0538834961406041,0.0406107921128021
1,1500,32,0.0364546664245107,0.0991643278261025,0.0432985818797218,0.0358381860126173
1,1500,33,0.0330285210594008,0.100260696889399,0.0452713028480685,0.0298852457784
1,1500,34,0.0328164918316918,0.094712274441425,0.0367635019586823,0.0381255408954535
1,1500,35,0.0388363179114415,0.10527208801646,0.0450707021685455,0.0313125677981427
1,1500,36,0.0331744427936134,0.104093683555313,0.0521905226792685,0.0217623096412007
1,1500,37,0.0385257291235304,0.106713874783124,0.0401855511577893,0.0326603135356471
1,1500,38,0.0391241893329994,0.0986433720264417,0.0479719598026229,0.0390141695362063
1,1500,39,0.0336090370591742,0.0965023825597024,0.0344776168675414,0.0278066163841704
1,1500,40,0.0326192528536684,0.0965369380512611,0.0383276503265526,0.0445800437353399
1,1500,41,0.0385777499972724,0.106534751339192,0.0510766383045398,0.0394042073467975
1,1500,42,0.0375014394059876,0.0991026398062911,0.0436580617018794,0.0417095294330736
1,1500,43,0.0367823002076182,0.101663414035382,0.0391450807932037,0.0457892049814304
1,1500,44,0.0318570213088138,0.0991706097839389,0.0463005555603797,0.0300971443755049
1,1500,45,0.0349982227108379,0.102997951030687,0.0526807730222953,0.0320586397858118
1,1500,46,0.0327225115745546,0.0976939739392602,0.0438305765763507,0.0352031962897328
1,1500,47,0.0358559482419469,0.0996828829909795,0.0534712796728971,0.0392083505275811
1,1500,48,0.0417529323712449,0.110095649054186,0.0532143290221228,0.0368548120493959
1,1500,49,0.0326830970239049,0.102045720628062,0.0531778051698888,0.0468810558599473
1,1500,50,0.0389014911979453,0.101126656833085,0.0532591516119036,0.0455267670293702
1,1500,51,0.040797048824418,0.102543843567087,0.0525639482774749,0.0497952817705938
1,1500,52,0.0439605314593698,0.105387031452795,0.0450201752437593,0.0294311816367678
1,1500,53,0.0363471865770026,0.101615872791048,0.0468128677861765,0.0387102394273471
1,1500,54,0.038995085800436,0.102512997447451,0.0649835384060646,0.0356194817171054
1,1500,55,0.0411765523815515,0.105530633783354,0.0474822424949093,0.0352670381358418
1,1500,56,0.035120779035799,0.102830779359684,0.043981617429619,0.027965149039711
1,1500,57,0.0325975978527921,0.0959903926154333,0.0490272493133446,0.0293538454010867
1,1500,58,0.0325880253449973,0.0985711467045869,0.0418861952574343,0.0354781414791097
1,1500,59,0.0357806560388609,0.102532422623536,0.0579384978058173,0.0591105189460828
1,1500,60,0.0415036221238649,0.104029085420587,0.0534944074509622,0.0399298833890702
1,1500,61,0.0377770845221321,0.102244589620274,0.0557677216775634,0.0360650502807462
1,1500,62,0.037206433359235,0.101093755029961,0.0450059842459607,0.0449454065399579
1,1500,63,0.0352970283668215,0.100432847994534,0.0500240081659458,0.0328360994934471
1,1500,64,0.0365385987377846,0.0952706916164705,0.0358151151110322,0.0325235469449314
1,1500,65,0.0393075047412965,0.100514696413284,0.0345489512971437,0.0326417896902873
1,1500,66,0.0354104785069815,0.101464893440768,0.0498347481137902,0.0523613668795959
1,1500,67,0.0388236060184601,0.0997345683089454,0.0477452328458579,0.0338900961336535
1,1500,68,0.0411055873469737,0.0964615102459165,0.0379997099838001,0.0313532520057398
1,1500,69,0.0317856139650703,0.101329917339622,0.046634557117722,0.0267630989585024
1,1500,70,0.0353834608835482,0.101139866816331,0.0444363331385556,0.0624222804468904
1,1500,71,0.0349760054571226,0.101060270258408,0.0409417780590888,0.0364058689004962
1,1500,72,0.0344733236902979,0.0954308778942334,0.0346333334843285,0.0345539031894404
1,1500,73,0.0342974496155379,0.0978969303188371,0.0401703904007782,0.0258155609481627
1,1500,74,0.0361340728903756,0.102006651907598,0.0415666774367018,0.0479756006082492
1,1500,75,0.0337657753702378,0.0986528935554183,0.0446269263610359,0.0333530147338355
1,1500,76,0.0417720426758665,0.0990023018262152,0.0548702899298839,0.0470394332821087
1,1500,77,0.0354981605553821,0.101026387241832,0.0329566339129372,0.0312769645944977
1,1500,78,0.032030958187085,0.0980541608060028,0.0487588079467329,0.0412505751180068
1,1500,79,0.0345828423203032,0.100372698666283,0.0425081863210983,0.0297623418895012
1,1500,80,0.034005388994323,0.0989941001064902,0.0431686021914908,0.0384190774087045
1,1500,81,0.0352325190287592,0.0997042680206679,0.048699027771369,0.0441849747931153
1,1500,82,0.0302318321344333,0.0924315497290473,0.0370495162956437,0.0324715294461266
1,1500,83,0.0388844740043157,0.103897818311456,0.0473156241274426,0.0479427575811182
1,1500,84,0.0405816717060541,0.106158580137353,0.0525546202839435,0.0358489120880567
1,1500,85,0.0353271196680036,0.101182920335364,0.0517983930501529,0.0398899722296806
1,1500,86,0.0400795234187237,0.102422509441771,0.0492204879792391,0.0320408618610155
1,1500,87,0.0339552486885748,0.100959071181431,0.0412566938708019,0.0373479375954631
1,1500,88,0.0334429027241343,0.0992691641814385,0.0392437397501049,0.035682453015861
1,1500,89,0.0388446647813832,0.105882017311734,0.0510252248570571,0.0305663854140414
1,1500,90,0.0365261991862467,0.0936265526950206,0.046507918966308,0.036690639697488
1,1500,91,0.0365476879986266,0.10785829051011,0.0588648841455588,0.0360662743068783
1,1500,92,0.0343016523575783,0.105698902793561,0.0515829440904627,0.0373960661542843
1,1500,93,0.0389594710664345,0.102492112185842,0.0525819156638394,0.0502985840398706
1,1500,94,0.0327760765931815,0.0955807869393477,0.0436676985907045,0.0467735702397218
1,1500,95,0.0382830460935264,0.104763271065372,0.0594971756997722,0.0401799344459441
1,1500,96,0.0362716770823406,0.107070437243473,0.04795353277833,0.0454072970694288
1,1500,97,0.0414843447447153,0.0975151691762022,0.0615735013878882,0.0435004347878984
1,1500,98,0.0338629771866148,0.102505198632914,0.0462347751507133,0.0298651965415011
1,1500,99,0.0333299922894861,0.0941051061222598,0.0417668134830107,0.028876404689651
1,1500,100,0.0397581556913253,0.100265733476098,0.04312087932661,0.0469720924434902
1,1500,101,0.0333790873196802,0.0987490207925232,0.0464275524377615,0.0336273281984085
1,1500,102,0.0335448204486517,0.101498951409759,0.0520539608008737,0.040628924306364
1,1500,103,0.039460946657687,0.101532777063447,0.0537498952413713,0.0391695657410978
1,1500,104,0.0347274993253743,0.101584923129143,0.0465226426504564,0.0573284612498584
1,1500,105,0.0343363375094274,0.10496880706969,0.0497364230504838,0.0388722711273952
1,1500,106,0.0376687562501927,0.101334830518814,0.0516718460273118,0.0420745108710763
1,1500,107,0.0377484291889976,0.10371115027017,0.0593261043291387,0.0318395324689387
1,1500,108,0.0368995047850433,0.100074604161494,0.0438805540040759,0.0377380595503063
1,1500,109,0.0372657549559645,0.0987454652767525,0.0384961387865108,0.0316324358874083
1,1500,110,0.0358176806684465,0.103742019006037,0.0431784730358491,0.0422159907449919
1,1500,111,0.0335763533531344,0.0953018554222811,0.0479574163610235,0.0242488916438111
1,1500,112,0.0321999286846606,0.0969684386137617,0.0366219290482392,0.0373400860093527
1,1500,113,0.033214539088414,0.0991174892104223,0.0405635645216988,0.0379621150651896
1,1500,114,0.0346596758342115,0.0944756438487837,0.0362574663967705,0.0275107983489189
1,1500,115,0.0338665597168741,0.10664744029137,0.0658181281362984,0.0451726997032946
1,1500,116,0.0321867123150059,0.0994815829887796,0.0445332016999238,0.0363309326870671
1,1500,117,0.0317616164988923,0.100691900432846,0.0507825700560298,0.0264701068236006
1,1500,118,0.0372610045816952,0.102356503692418,0.0483681612168201,0.032357167967596
1,1500,119,0.0355332086718161,0.0968300186752444,0.0417982043882914,0.0360607810713187
1,1500,120,0.0371403484654402,0.105991154226111,0.0500241483392216,0.0403244827309197
1,1500,121,0.0358576206907448,0.100653901289251,0.0461032279353908,0.0265969019126786
1,1500,122,0.0331973616150043,0.0986325526041516,0.0462946162343352,0.0274637438115148
1,1500,123,0.037421139285283,0.0976320522730922,0.0488753517191121,0.0331525700497275
1,1500,124,0.0385139412206712,0.105828226393418,0.0445239472013164,0.0395958649726076
1,1500,125,0.0320336650294775,0.0968472310516189,0.0421075162920017,0.0236671574229306
1,1500,126,0.0375750400308914,0.0992992529012084,0.0568174187935497,0.0369559542256641
1,1500,127,0.0367903501387985,0.0977027797924068,0.0384682214187457,0.0260785799154577
1,1500,128,0.033634085940742,0.100590021907729,0.0365780706475287,0.0299397567485362
1,1500,129,0.0308564591818461,0.0979215584990418,0.036571279099795,0.0376823137598918
1,1500,130,0.0319947194159185,0.0964741743142348,0.039039888929189,0.034364617515414
1,1500,131,0.03669712381117,0.101545166336747,0.0467595761305373,0.0446863250513734
1,1500,132,0.0349734353964706,0.0950151739454934,0.040979846853517,0.0322278957045055
1,1500,133,0.040261986115214,0.103884765008258,0.0458750386761009,0.0324775567113524
1,1500,134,0.0351341745244043,0.10308415366094,0.0490381064924603,0.0209180099033346
1,1500,135,0.0334818015709666,0.100851332133511,0.0437570698604817,0.0514778850633155
1,1500,136,0.0380798677112717,0.102917467218406,0.0505550302601261,0.0351141828984134
1,1500,137,0.0350076743242804,0.0983552569576414,0.0394008961215915,0.0630330011615747
1,1500,138,0.0347152307477114,0.0998536158496848,0.0495367273312224,0.0461670805735575
1,1500,139,0.0307678717659294,0.0999146676541129,0.04625164794964,0.0304422287693149
1,1500,140,0.0376885482349232,0.103697156984094,0.0414959891242785,0.0223018259584615
1,1500,141,0.0395142196033913,0.102914688941058,0.0395432338392416,0.0401886145263002
1,1500,142,0.0332676321886263,0.0970544466667236,0.0385992388725738,0.0373268270397316
1,1500,143,0.0389133581256602,0.0935501205450326,0.0452990720201352,0.0435733742322633
1,1500,144,0.0358479316457847,0.0983956655962097,0.048257932501657,0.0411519936744829
1,1500,145,0.0400645598813232,0.104311678425503,0.0531488233556123,0.0280759805407571
1,1500,146,0.0429049957709895,0.104629588852245,0.0427626556227261,0.044116324054426
1,1500,147,0.037215843334748,0.106393618423273,0.0414731681864762,0.0313315547516786
1,1500,148,0.0390049788580988,0.101806008055852,0.0383168433067298,0.036607151986435
1,1500,149,0.0359695181857251,0.099486640325299,0.0515185535828773,0.038775081507177
1,1500,150,0.0354540329342019,0.102540610079263,0.0582931009323548,0.0547851843960108
1,1500,151,0.0346453274947149,0.106304364347899,0.0542416130855423,0.0421161589292169
1,1500,152,0.0323090787347302,0.0945122836032506,0.0394745624191792,0.0421788531341118
1,1500,153,0.0426048860259725,0.100020601681933,0.0440334328955054,0.0347886152561101
1,1500,154,0.0349414395427114,0.105013357313207,0.0498408032528779,0.037149032472729
1,1500,155,0.0382982319171352,0.102302656605369,0.0420238724354531,0.045826741294577
1,1500,156,0.0292860476396708,0.0943002244973576,0.0413360996979377,0.0258248511063646
1,1500,157,0.0329742663946644,0.0950628721995552,0.0369383135410326,0.0252451836756933
1,1500,158,0.0340001636446572,0.10156656598462,0.0466691171343661,0.0426700288168536
1,1500,159,0.0323362988848324,0.0982925686349343,0.0455120329509047,0.0349237130462763
1,1500,160,0.0322273204847008,0.104547825947071,0.0388315086093498,0.0310413416156146
1,1500,161,0.0380745601103019,0.104120480337005,0.0503430816003883,0.0290268639721598
1,1500,162,0.0377247508882272,0.0980446755750279,0.0432994875589281,0.0305369682468333
1,1500,163,0.034282844509494,0.0988770906997158,0.0438749941664869,0.0339812699014623
1,1500,164,0.038629048298094,0.104115139657881,0.0507020886997225,0.0520044387766347
1,1500,165,0.0319585844664347,0.0995706704315316,0.0485481841296742,0.0274308183296872
1,1500,166,0.0346007701591127,0.0997043910569391,0.0471176578259929,0.03242374675219
1,1500,167,0.0343421470609879,0.0995399208936589,0.0492705818715065,0.0439123644086306
1,1500,168,0.0373049277454909,0.0970901181839017,0.041645569923048,0.03128218721194
1,1500,169,0.0379498594025138,0.10625271643661,0.0349957036632231,0.0480126039243314
1,1500,170,0.0349445913564181,0.0990360694270529,0.0494802695037031,0.0302480604550941
1,1500,171,0.0327298010459065,0.0992654389643917,0.0398939635809059,0.0414458610101278
1,1500,172,0.0394748565635188,0.102471692780151,0.0450660659890663,0.0325885037579199
1,1500,173,0.0368936244117695,0.101587746298928,0.0519789754142919,0.0325941493728135
1,1500,174,0.0402812373314616,0.104127801728122,0.0513760266414245,0.0292006962348399
1,1500,175,0.0353455775708058,0.107526919270135,0.0460597322529779,0.035532874540195
1,1500,176,0.0391500538668157,0.0975829242944923,0.041860236157953,0.0372700255501055
1,1500,177,0.0331800549141545,0.100373543543119,0.0448644519906443,0.0346537223945669
1,1500,178,0.0357434378939747,0.100222405213139,0.0392921370521546,0.0276663307268086
1,1500,179,0.0321240824770945,0.0998249276953682,0.0365368660425889,0.0262972619343673
1,1500,180,0.0395464952005555,0.0998761162737496,0.0407280269503174,0.0445922069379561
1,1500,181,0.0308226717747973,0.102815456384048,0.0516742819905294,0.027945770256431
1,1500,182,0.0345555270513507,0.0957081054857145,0.0329285363742422,0.0352850096803312
1,1500,183,0.0362106569940208,0.100802814294307,0.0474005153765698,0.0268086161867775
1,1500,184,0.0348200510021337,0.102112013547734,0.0452298555779509,0.0436436506306905
1,1500,185,0.0330679789796602,0.10386715569788,0.0413426888666044,0.0255567257507832
1,1500,186,0.0399453542338772,0.10353426709644,0.046841138191108,0.0332343290514163
1,1500,187,0.036358732840623,0.104578916310899,0.048105943817959,0.0500333475459793
1,1500,188,0.0342508445732335,0.0958878599144679,0.0414913658318754,0.0528749094053964
1,1500,189,0.0392817115200892,0.097106815253611,0.0535680943841204,0.0540744860607436
1,1500,190,0.0368750308120753,0.102275104213723,0.0466194359599714,0.0430508452060598
1,1500,191,0.0338219095480656,0.096274129225947,0.0468482710862645,0.0340277388380335
1,1500,192,0.0348137489560501,0.1000649594784,0.0621810140900938,0.038090639866087
1,1500,193,0.0388431219331098,0.103378044616058,0.0424637056952795,0.0361389000609607
1,1500,194,0.0363319000643392,0.101836444135502,0.0472711879830428,0.0379833824358584
1,1500,195,0.0354636306328964,0.102786072124698,0.0426452239111046,0.136728452517396
1,1500,196,0.0317152597845241,0.0970799717503794,0.0467908869348754,0.0447628188149964
1,1500,197,0.0326183391924688,0.10435052122354,0.0536143677219281,0.0336825551790538
1,1500,198,0.0384643363186865,0.103985154835703,0.0567495917395593,0.049287861345565
1,1500,199,0.0339593942426648,0.102126890419367,0.0467320001520501,0.0302646620380989
1,1500,200,0.0382067866300015,0.104718671154601,0.0527203007077572,0.0292318415268291
1,1500,201,0.0343316527240769,0.100563090457087,0.0486542852215721,0.0328125072650463
1,1500,202,0.0358887196704749,0.100730162770037,0.0443308611850961,0.0457392235740601
1,1500,203,0.0338885421409347,0.101159684272909,0.0480847421481454,0.0393231410041921
1,1500,204,0.0326157212634948,0.0950919609956951,0.0350793795420188,0.0352834250827652
1,1500,205,0.0349556236771837,0.0981013321672994,0.0425200007523248,0.0426519219350123
1,1500,206,0.0406569393232588,0.106486741209955,0.0501606171013227,0.0489608379915507
1,1500,207,0.0376023999331334,0.102509155208335,0.0467191301729795,0.0391362214865072
1,1500,208,0.0324747298158943,0.102982082265465,0.0508939520775433,0.0212127471724548
1,1500,209,0.0338424729024212,0.0979214534730442,0.0490705499974513,0.0297904916419971
1,1500,210,0.0346488560702845,0.101375551466381,0.0423057311083943,0.0282010351344635
1,1500,211,0.0345848288409141,0.0996359826532116,0.0412350717833039,0.0341809340979351
1,1500,212,0.0331467986148335,0.0982704062289037,0.0419864629161391,0.0528107182397684
1,1500,213,0.033292075209824,0.0951761188796318,0.0456267140913638,0.0351279757983565
1,1500,214,0.0313231126262237,0.102223893403451,0.0513669802638073,0.0292999728761618
1,1500,215,0.0350290397923065,0.0973438380052642,0.0501247299844709,0.0275533439483162
1,1500,216,0.0371565644139467,0.103045111374512,0.0511916901534644,0.0257809302388055
1,1500,217,0.0354065886368031,0.0993059282202844,0.0482358203334983,0.0310470464148116
1,1500,218,0.0395957099341224,0.0972121589196142,0.0506425140998366,0.0455044924748511
1,1500,219,0.0377899459902091,0.107263098190925,0.045431694269974,0.0290011631806915
1,1500,220,0.0409521116569729,0.0961918320623707,0.0512358251831606,0.0390335037474319
1,1500,221,0.0318659966224539,0.0969960995285717,0.045351616484868,0.0285436406552813
1,1500,222,0.0345988071526553,0.0962787176158777,0.051015468677561,0.0340546543963545
1,1500,223,0.037622468140885,0.105998160643581,0.0613091174302967,0.0338391319728755
1,1500,224,0.0337195783374886,0.100542665764517,0.0387149445842616,0.04475497307069
1,1500,225,0.0407776782338636,0.0990035157050897,0.0469399590398902,0.0384687629503961
1,1500,226,0.036912315951753,0.102761853142892,0.0453079796085702,0.0348020446401094
1,1500,227,0.0348583276248839,0.100318572834994,0.0476636438330951,0.0383146546052444
1,1500,228,0.0374245672071432,0.103997284239945,0.0465646474307773,0.0278168167050956
1,1500,229,0.0390640975519181,0.0995419527215033,0.0363436576057616,0.0262726513153115
1,1500,230,0.0412965827246041,0.101244559572983,0.0405232197579266,0.0282287049374679
1,1500,231,0.036843719105091,0.098451319687402,0.0524159126740316,0.0264975923252917
1,1500,232,0.0365277126466881,0.0932984637581666,0.0353774141212513,0.0420481049412762
1,1500,233,0.0368655886375182,0.1032082061772,0.0487134094827022,0.0448507025033114
1,1500,234,0.0346467245165767,0.0985387916083011,0.0427973763967782,0.0338660009784864
1,1500,235,0.0359084886006455,0.0999143191728287,0.0465907957954523,0.0238814800620264
1,1500,236,0.03511061220471,0.0999542035448584,0.0428795386969019,0.0373799662669585
1,1500,237,0.0340928882447236,0.101626399396089,0.0474153893005387,0.0374683607660244
1,1500,238,0.032460480231139,0.0981076468518773,0.041266571588872,0.0327650363418541
1,1500,239,0.0366951516904044,0.0993396649832086,0.0477319954917377,0.0320945811050977
1,1500,240,0.032718067439574,0.101356859090265,0.0466805370166326,0.0246360334961482
1,1500,241,0.0354021473254362,0.100467194128239,0.0379746136908152,0.0410557999333259
1,1500,242,0.0378219347177056,0.100257802365875,0.0449564576592094,0.0393967385585194
1,1500,243,0.0338423497570541,0.098248137577384,0.0436084991185193,0.0366061471829262
1,1500,244,0.036237895796243,0.0947890206222786,0.0400407924401864,0.0459530687798093
1,1500,245,0.038755422930135,0.103125307212674,0.0379569125880026,0.0328715585935231
1,1500,246,0.0379571496847555,0.0984885570749399,0.048571079489101,0.0354482134871728
1,1500,247,0.0446018265331052,0.102891199083725,0.0476514479214836,0.0337552872159388
1,1500,248,0.0315427852544203,0.0955070340785127,0.0580400662728369,0.0346485869923703
1,1500,249,0.0377451512546876,0.100950423089349,0.0517115727538571,0.0394048766958113
1,1500,250,0.0357346623125521,0.101982200392254,0.0504610738050242,0.0523916194870473
1,1500,251,0.0336680338833393,0.102796675948814,0.049849939822225,0.0315847188713749
1,1500,252,0.0344126038208525,0.0971621025346485,0.0366115484561031,0.0267904782429287
1,1500,253,0.0373683157932152,0.105536446835992,0.0474638260037672,0.0198493025642779
1,1500,254,0.0380425605516967,0.106711877099947,0.0591275409726377,0.040263054549817
1,1500,255,0.0324529987349653,0.0999834470368226,0.0432415097713466,0.213525294729145
1,1500,256,0.0294262083513634,0.0989086491496876,0.0442933455995986,0.0397861998904867
1,1500,257,0.0354247632940157,0.101233428078108,0.0494158301406389,0.0555245734807182
1,1500,258,0.0311716399331587,0.102807095346518,0.045703483474693,0.0343851593015831
1,1500,259,0.0373616051017107,0.0990015061407066,0.0542242530668617,0.0365603098159932
1,1500,260,0.0367091928295038,0.102544310003641,0.0579695441103463,0.919793125833358
1,1500,261,0.0349479250278693,0.100744465804616,0.0379011345200411,0.0320269983339541
1,1500,262,0.0343242183364156,0.10120831116575,0.0431464909854549,0.0244382599291728
1,1500,263,0.0347497857221228,0.100300097874239,0.0345120309188589,0.0369226483087397
1,1500,264,0.0347725535187509,0.0993689361818733,0.0479834305169033,0.0311889355018966
1,1500,265,0.0346118525796013,0.0984136388130483,0.0523493296638462,0.0281161914479462
1,1500,266,0.036783809029169,0.10013625929951,0.0431537965478506,0.0277211856718771
1,1500,267,0.0353381690441359,0.0975090989838105,0.0499071769415258,0.0351798596161579
1,1500,268,0.0327526170542147,0.0976358933697143,0.0415216168684198,0.0296515679127218
1,1500,269,0.0365076442285914,0.100632401875422,0.049542364224801,0.0306771042155984
1,1500,270,0.0363598447867512,0.0966274382928272,0.0420682781354453,0.0297744549893304
1,1500,271,0.0361747172532891,0.0963670607860594,0.0518812149782004,0.117760438236875
1,1500,272,0.0353851855565717,0.0948184611062062,0.0426846220952717,0.0270413322319822
1,1500,273,0.0317480383984166,0.104313070728343,0.0476027933142482,0.0265919758562156
1,1500,274,0.0377439648709421,0.097438864991116,0.0481693755012702,0.0352317380331437
1,1500,275,0.0346585607852532,0.10603400631289,0.0553660974208805,0.0453941007059098
1,1500,276,0.0388960843376431,0.101862295428406,0.0467395584375463,0.0464099756394123
1,1500,277,0.0291167437500219,0.0999712250801379,0.0432727023235331,0.0347622965885925
1,1500,278,0.0370413431561105,0.102565964703862,0.0523656175176932,0.0456378248775049
1,1500,279,0.0325109524183924,0.094378857012176,0.0420424580023833,0.036051471561479
1,1500,280,0.0367756875272096,0.0982320884753336,0.0446704481931619,0.0330602786291734
1,1500,281,0.0372256802365734,0.0996946942293999,0.0493699748115648,0.0267058979221917
1,1500,282,0.0384192670941115,0.10193448160011,0.0477951903223865,0.0317623936994058
1,1500,283,0.0398382441699423,0.0990750011691373,0.0453164614996662,0.0489679300121957
1,1500,284,0.0342579412009714,0.0986121613824744,0.0441595432674837,0.0612374452657631
1,1500,285,0.0356825102350324,0.0959203942976525,0.0440643227011404,0.0393819833906868
1,1500,286,0.0356618050332054,0.103494908580626,0.042610940294552,0.0529655640479285
1,1500,287,0.035201469869393,0.0954966685788823,0.0494693628177056,0.0388654872663687
1,1500,288,0.039449977221468,0.107876648916641,0.046729516650394,0.034481426200301
1,1500,289,0.0381005449927663,0.0970777929748483,0.043967238912858,0.0405303019699745
1,1500,290,0.0359833709729587,0.0975923472785516,0.0491237924897101,0.0319367103605197
1,1500,291,0.0344791215992899,0.0991154974454906,0.0464407405151859,0.0385689295552882
1,1500,292,0.0376375008896199,0.0988145591241489,0.0504874326625402,0.0310408154928796
1,1500,293,0.0359761284451872,0.101852867540153,0.0358019144678909,0.0348281261441648
1,1500,294,0.0350679563596983,0.101557486392233,0.0327450234035673,0.0314969028543641
1,1500,295,0.0414804733344751,0.0953151115980622,0.047265710130898,0.0735727100320507
1,1500,296,0.038335594604018,0.107857212765998,0.0524992553169128,0.0392842370833084
1,1500,297,0.0382350789988546,0.101234821683707,0.0454696565436976,0.0399808531684198
1,1500,298,0.0320417365982832,0.0983683486941971,0.0464902889134862,0.0312676672973695
1,1500,299,0.0336208907580953,0.0992322834572239,0.0487184446075384,0.0271564402358915
1,1500,300,0.0359787627892825,0.100759096465933,0.0419660412219733,0.0356967722197241
1,1500,301,0.033570354937895,0.0966488369628526,0.0336933044836492,0.0352228126428262
1,1500,302,0.0358665342422051,0.101608528807622,0.0532186010737559,0.0358377833488324
1,1500,303,0.037283715835756,0.102257892879399,0.0465868151437374,0.0333899704751652
1,1500,304,0.0362981880489586,0.0937788242218058,0.0319291274123585,0.0293238161154019
1,1500,305,0.0375802643993721,0.103732389916839,0.0547950524726479,0.0343865273618973
1,1500,306,0.0369142641076172,0.103153263562343,0.05284439511936,0.0536734881245033
1,1500,307,0.0325170389766805,0.0994955234785677,0.0534711706020909,0.0325247826649393
1,1500,308,0.0324093535903089,0.096234195645001,0.0404566615180271,0.0294445078272145
1,1500,309,0.0383098254538385,0.10067845394173,0.0483741811230787,0.0298573988042983
1,1500,310,0.0333653143723995,0.0977528646632406,0.0393256835964269,0.0387857958423916
1,1500,311,0.0322241271383739,0.097463719748337,0.0451244807950606,0.0306948601466455
1,1500,312,0.034708701522314,0.0979711749620342,0.0439637672070357,0.0352557883321181
1,1500,313,0.0354305967030597,0.0995438817783518,0.039625129561351,0.0264418386985958
1,1500,314,0.0388025223836834,0.100394733063118,0.0480044697925452,0.0258003177427477
1,1500,315,0.0413650935294798,0.111370574492869,0.0587502675816558,0.0253719886174728
1,1500,316,0.0325475064662644,0.101852381334446,0.0375491839251232,0.0332152190386317
1,1500,317,0.0336298776988428,0.0982509730613426,0.0473844222912831,0.0412003074671188
1,1500,318,0.0434087196811084,0.105556093110734,0.0626663991148066,0.0453252098061199
1,1500,319,0.0338670015623852,0.0993483370969073,0.0424321626499027,0.0389803198195786
1,1500,320,0.0361840001049234,0.100206483026175,0.0447559745062243,0.0402931456596489
1,1500,321,0.0323400413119248,0.100937055652719,0.0479657723425932,0.0267103726274265
1,1500,322,0.0375541057779065,0.101836517378444,0.0477004744430203,0.0353348025538163
1,1500,323,0.0322272873839018,0.102808167542066,0.0403840650536211,0.0236667199998557
1,1500,324,0.0368007727779365,0.100044842449044,0.0386479219266198,0.0301914851239926
1,1500,325,0.0358743295754806,0.104395335793982,0.0450470243165377,0.0428240278640675
1,1500,326,0.0357277953043369,0.099866958123747,0.0428074956581588,0.0481498475194442
1,1500,327,0.0327983539348424,0.0982140253177455,0.0487695435349,0.033969172412202
1,1500,328,0.0333771234391227,0.0966837221029411,0.0460604101477999,0.0299004201579369
1,1500,329,0.0334254587646619,0.104097670777732,0.0521864916494632,0.0312445002200274
1,1500,330,0.03502560142761,0.0961738000233632,0.0536087167788517,0.0300556576901674
1,1500,331,0.0336238442258092,0.0955171460684427,0.0373032063243346,0.0357833413986244
1,1500,332,0.0422456869368029,0.101004717548944,0.049181640653913,0.0469978962764768
1,1500,333,0.039025180467037,0.100727597311255,0.0415073868293654,0.0330109342426392
1,1500,334,0.0325944889471663,0.102002202110072,0.0522581189963716,0.0499682367937035
1,1500,335,0.0370410209796923,0.0998364449006028,0.043871441743093,0.0432125314345708
1,1500,336,0.0309403148061407,0.0985618425419597,0.036657828164363,0.0415267437840394
1,1500,337,0.038667026907373,0.109629881828297,0.0527871895272072,0.0506427134127507
1,1500,338,0.030927259908492,0.100178164588055,0.0425640145249937,0.0262341444154808
1,1500,339,0.0323879279752497,0.0948156393815363,0.0404079450684462,0.0333065714217247
1,1500,340,0.0327842010230264,0.0957718286668097,0.0436480792472658,0.0386468597613794
1,1500,341,0.0373521653341151,0.103212088054318,0.0663424773284635,0.041270017093423
1,1500,342,0.0323576473577687,0.0980765162194428,0.046330084858796,0.0357765554482903
1,1500,343,0.0341419511239405,0.102284545401773,0.04144720864823,0.0382248601231068
1,1500,344,0.0364721669484305,0.102797757289706,0.0463412178341525,0.0324590620896104
1,1500,345,0.032185072697658,0.0992082260604112,0.0436485508903102,0.0244899747685625
1,1500,346,0.034947033242408,0.104472293303101,0.043546330920188,0.0322242562806749
1,1500,347,0.0393351477390815,0.100297905963643,0.0429996453395716,0.0320388864001155
1,1500,348,0.0335832174612638,0.0986019815390811,0.0423293235277216,0.0439586233687226
1,1500,349,0.0348828995437021,0.0940457656746292,0.0396793975214129,0.0312289634067366
1,1500,350,0.0333508361613641,0.101853861595063,0.0457225587187198,0.0275757241466916
1,1500,351,0.0311032837495939,0.100995874025642,0.034002419914789,0.0273915308438917
1,1500,352,0.0324332105102032,0.10128162126759,0.0422394569283466,0.0208604459129804
1,1500,353,0.0364130262530691,0.0974365816608556,0.0409344293029583,0.0298546922762937
1,1500,354,0.032958728428615,0.101566346564569,0.0386395463078726,0.0440624226523825
1,1500,355,0.0361322991216921,0.0996783297448394,0.0352759671571521,0.0341517166474468
1,1500,356,0.0327153211533671,0.0954459169453483,0.0439143641216486,0.0366910812703711
1,1500,357,0.0376388240151717,0.0988511350109291,0.0473702462155097,0.0244016075562357
1,1500,358,0.0394143136219169,0.107644494247658,0.0409893525340763,0.0398709343816386
1,1500,359,0.0308478798563045,0.0979125060396571,0.0307742742597752,0.0307693078395186
1,1500,360,0.0323091133059119,0.0997927259919278,0.0439397714565053,0.0315027856855605
1,1500,361,0.0331554954316924,0.094115077666207,0.0379777205475753,0.0274661734789441
1,1500,362,0.0352744733600228,0.0991750289973157,0.0485789437830066,0.038980391941142
1,1500,363,0.0381568257026534,0.10196821397049,0.0394489529462934,0.0386821804067976
1,1500,364,0.0359756640502134,0.0989512221589963,0.0407996998233646,0.0353837838886795
1,1500,365,0.0335264717050814,0.0968888201781239,0.0505919888066464,0.0498592912408709
1,1500,366,0.0397480784716646,0.0967861903893246,0.0510273238857628,0.0351682322319746
1,1500,367,0.041951143496034,0.100968386998084,0.0430211438820365,0.0373610740461423
1,1500,368,0.0311837725674835,0.095520513090575,0.0423504257666323,0.0297698813262677
1,1500,369,0.0337964290247408,0.0978539258220328,0.0425077552038466,0.0376579867296876
1,1500,370,0.0378761617655987,0.0946152292102469,0.0401839086660811,0.0376109872763821
1,1500,371,0.035652933854486,0.100783448270899,0.0418152629414648,0.0373771690834892
1,1500,372,0.0313449535749271,0.0973179156640094,0.0470335590165349,0.0385480280652268
1,1500,373,0.0426969528691941,0.104444771358193,0.0514304885348495,0.0250085387144894
1,1500,374,0.0366329806865016,0.0984145965957164,0.0365333073149736,0.0213405097772448
1,1500,375,0.0364509110533351,0.104072226342715,0.0489384495072414,0.033816378237989
1,1500,376,0.035078653844324,0.0969768819306496,0.0415338794293436,0.0331210791841301
1,1500,377,0.0357838313170713,0.097839773584101,0.0445660410880102,0.028333654590825
1,1500,378,0.0311406895030097,0.101002163884132,0.0422897776192064,0.0233465808573994
1,1500,379,0.0330168023882695,0.0977509539095562,0.0423678627476285,0.0230199668573055
1,1500,380,0.0297079936457085,0.0945737969478431,0.0500333306849743,0.0401511501234806
1,1500,381,0.0389572571178134,0.104608566579657,0.0516407756169559,0.0333562591083898
1,1500,382,0.0365023736546328,0.100581225230987,0.0470332215405902,0.0434616646947026
1,1500,383,0.0379702871977887,0.0980479312355074,0.050236984854364,0.0365652062990343
1,1500,384,0.0350260680523495,0.0973867381155418,0.0473149910018684,0.0347884425460323
1,1500,385,0.0343253528246528,0.100754560514438,0.0470830704087006,0.0411075240685466
1,1500,386,0.0378424925888039,0.0983064728363987,0.0353896721090523,0.0238698125500039
1,1500,387,0.0321971027859793,0.101617293070504,0.0420908366415982,0.0505448882927457
1,1500,388,0.0408794255915923,0.103712294544988,0.0549125510859256,0.0465977279558818
1,1500,389,0.035940066139877,0.102341222195175,0.0465493745958774,0.0315342448485463
1,1500,390,0.0368033421808602,0.109401758862403,0.054028767097154,0.0291397078003088
1,1500,391,0.0336664013672172,0.100702840493513,0.0436093388603953,0.0249404378219216
1,1500,392,0.0317419330418038,0.100139068506916,0.0431648120426487,0.042819813798614
1,1500,393,0.0334391135184788,0.0977450531487485,0.0412972757499106,0.0340187430812913
1,1500,394,0.0355319760416584,0.0992272257384468,0.0453392571426812,0.0385414155384209
1,1500,395,0.0347422899713032,0.0977404765048391,0.0366715567437064,0.0318309934078009
1,1500,396,0.0342275013901439,0.102290740458199,0.0482527011389733,0.0356978921826496
1,1500,397,0.033359039189661,0.0965705753850226,0.0461738535150222,0.0257371524674097
1,1500,398,0.0355010796964257,0.0998029729115577,0.0483195870835331,0.0340843106145459
1,1500,399,0.0338025377436895,0.0989002918212158,0.0379667909135351,0.0247421597080115
1,1500,400,0.0345450579893047,0.0964097096559979,0.0432965055341625,0.0430246173786371
1,1500,401,0.0352833931477665,0.104301750996026,0.0441559462659422,0.0303667673373038
1,1500,402,0.036503341590304,0.103665444417786,0.0532219395851932,0.020292934920358
1,1500,403,0.0341088257189683,0.0974058850741932,0.0434815610599544,0.0239901138933138
1,1500,404,0.0355635351021379,0.0997133630965443,0.0375560152658321,0.0340048395630312
1,1500,405,0.035760995102611,0.0976362943480822,0.0461513002431708,0.0446131065343178
1,1500,406,0.0387792428786675,0.100362165357338,0.0491624113509141,0.0488848786380511
1,1500,407,0.0335010843023438,0.0951768996393534,0.0463261910073574,0.0316402016927448
1,1500,408,0.0289881498428077,0.0942562190709191,0.0392806212571897,0.0274414241601819
1,1500,409,0.0371148480498362,0.10231290717664,0.0473703630301368,0.0327799956211341
1,1500,410,0.0378270693322189,0.0984385435981536,0.0534919428539899,0.0322949492079645
1,1500,411,0.0318751254636889,0.0948428385032283,0.0346544472281396,0.0246204710798874
1,1500,412,0.0350761976410534,0.099265032304469,0.0391905271941375,0.0299799417664495
1,1500,413,0.0340667583546519,0.104257316249619,0.0528878550964029,0.0353117703346189
1,1500,414,0.0445400373617861,0.10273716000799,0.0475191437149549,0.0377740363552093
1,1500,415,0.0353540682644302,0.09792335230504,0.0492351616698341,0.0431499308527405
1,1500,416,0.0333564128096258,0.101813215456972,0.042344311255019,0.0383231482441186
1,1500,417,0.0341994776112207,0.097412906733247,0.0478406705793657,0.0263717731524007
1,1500,418,0.0359714069861605,0.100433622423751,0.0472152438200506,0.0342605437561394
1,1500,419,0.0370168958830053,0.107381268157973,0.0373739614913822,0.0306930087635284
1,1500,420,0.0389043942922311,0.0961703612939664,0.0440485623111462,0.0366509423548773
1,1500,421,0.0414488205284866,0.102077657629983,0.0471440173727655,0.0407769234505948
1,1500,422,0.031857539125576,0.0977507604314782,0.0449856689294201,0.0411988347049097
1,1500,423,0.039669768810533,0.0966601855441156,0.0411188555961666,0.0255295270992921
1,1500,424,0.0343903673838712,0.0981310806037925,0.0536788654370508,0.0384293887641847
1,1500,425,0.0379654639403295,0.096507134410976,0.0432468840811882,0.0390015644211088
1,1500,426,0.0343353478167918,0.101365754862768,0.0397947734738062,0.0371734320568931
1,1500,427,0.0345881178790157,0.100445606635233,0.0504300331926433,0.0345957255582445
1,1500,428,0.0397010773913764,0.105852177212727,0.052412229548622,0.0298525394610059
1,1500,429,0.0372944597765175,0.0988467072485424,0.0428778970601773,0.0322024879396732
1,1500,430,0.0301418066985255,0.0987199512994799,0.0490224759688831,0.0214917258341871
1,1500,431,0.0372624770328842,0.0990708363820796,0.0438684758286658,0.0272159178713651
1,1500,432,0.0372011562098391,0.100027751968889,0.0506713990913874,0.0372262577248297
1,1500,433,0.0342191857537992,0.0961280634721895,0.0543595581747525,0.0379387164554856
1,1500,434,0.0321372226343797,0.0983169827705577,0.0384295463894533,0.034425132383245
1,1500,435,0.0403834986471461,0.102578623977392,0.0456369592182271,0.0303187461262633
1,1500,436,0.0409764625539657,0.101751465700494,0.0462837915543457,0.0316081960826979
1,1500,437,0.0334046214111747,0.104985221671528,0.0515934690739774,0.0470762572510335
1,1500,438,0.0327301642127271,0.102108141968234,0.0342772538503837,0.0381643260734739
1,1500,439,0.0347696874569663,0.104380606091809,0.0467783871971734,0.0352416319678039
1,1500,440,0.0340627846461377,0.0966589865913661,0.0501078696529329,0.032322002447255
1,1500,441,0.0385679691778946,0.103954212392499,0.0601659017513796,0.0333146894911314
1,1500,442,0.0329946401584438,0.0961445558757692,0.0475120203509851,0.0352346901866696
1,1500,443,0.0336206863317292,0.0978570130682035,0.0505023640678668,0.0365276957946543
1,1500,444,0.031961101376428,0.0940230449268871,0.0504890238849658,0.255256373279395
1,1500,445,0.0328329073470128,0.103020295449961,0.044352231077869,0.0573872652483394
1,1500,446,0.0367696789898071,0.100280155737012,0.0511895355359131,0.0305926060384973
1,1500,447,0.0361870810872855,0.100270751859783,0.0547293636333241,0.0490282212453734
1,1500,448,0.0413276793015662,0.101488420532205,0.0454075564975969,0.0324566396201562
1,1500,449,0.0354895310808665,0.0991977523682557,0.0421948070598881,0.0501971616408554
1,1500,450,0.0372795714644403,0.100104518846032,0.0424201623174487,0.03766931127274
1,1500,451,0.0409497017010014,0.102807993242103,0.0361183526028168,0.0369960497487345
1,1500,452,0.038646957653077,0.100731016540218,0.0347178525395415,0.0356067303742715
1,1500,453,0.0376196224152181,0.104642403398756,0.0601244211102572,0.0448481587144713
1,1500,454,0.0381309209038956,0.0968195492441557,0.0411144548343505,0.046755149407256
1,1500,455,0.0363340764822992,0.102541084628692,0.0474401070753836,0.0239671965534376
1,1500,456,0.0363633051821071,0.0951699132603345,0.0503169198175151,0.0310402876206508
1,1500,457,0.0319908624255849,0.0957166090745247,0.0360054446744709,0.0395475838615436
1,1500,458,0.0337626415465795,0.104801289796044,0.0460391942798195,0.0339812933470409
1,1500,459,0.0351663961161139,0.104770660332197,0.0513118604387266,0.0439482440069094
1,1500,460,0.0374479017505898,0.108183629643912,0.0558061458258885,0.0385347125185356
1,1500,461,0.0390844167152828,0.102750168841742,0.0550036153500622,0.0318256998945461
1,1500,462,0.0327894945632246,0.0963661193540275,0.0386025582283613,0.0375442744550134
1,1500,463,0.0338489062702201,0.101060147409284,0.05769343811869,0.0487043523553166
1,1500,464,0.0368217149149401,0.102573876065326,0.035214831464639,0.0343768807733564
1,1500,465,0.0372517484400663,0.100512959459004,0.0521407141587467,0.0454758810691533
1,1500,466,0.0336574698423542,0.102221949572951,0.0397508180636907,0.0243493651319748
1,1500,467,0.0368589459864035,0.102270043354448,0.0456055442559713,0.0306171034552993
1,1500,468,0.0354103932872374,0.0967375767624379,0.0425401995882677,0.0284267573176402
1,1500,469,0.035092448537791,0.100427068460142,0.0407305742169932,0.0418834677749076
1,1500,470,0.0383739130449217,0.100235060009105,0.0390361188404931,0.0294686172229142
1,1500,471,0.040334706005924,0.0958189019424227,0.0342083160874063,0.0335812474546742
1,1500,472,0.0404142387868274,0.0975280768451123,0.0424839010583167,0.0301048707506359
1,1500,473,0.033401682264192,0.101463195689188,0.0458368789799253,0.0425950410815019
1,1500,474,0.038373858946007,0.101094992670685,0.0423925942538106,0.0299136043017911
1,1500,475,0.0294676789859556,0.0982707891707983,0.047271187970102,0.0279070254463094
1,1500,476,0.0424024570699209,0.100113979623448,0.0511190460280422,0.0332416203154409
1,1500,477,0.0346993186002533,0.101493255258167,0.0408383315799978,0.0250239331299684
1,1500,478,0.0348926596238317,0.0994897964088663,0.0422436920899694,0.0401472652894033
1,1500,479,0.0361743594393393,0.102043363486906,0.0545233792663007,0.0412440712763258
1,1500,480,0.0396806505288616,0.102985631751742,0.0395484030864448,0.0319199970341153
1,1500,481,0.0364611438620881,0.104134704934239,0.0430106282841205,0.0455383055880154
1,1500,482,0.0369934179492186,0.106949562691881,0.047799535047232,0.0326431318947438
1,1500,483,0.0311073552641137,0.0935380497694884,0.0479467563830072,0.0510489319535699
1,1500,484,0.0368608352109603,0.0991652115148254,0.0462159215944573,0.039432256560779
1,1500,485,0.0356411454826382,0.0946207760431241,0.0360641647677769,0.0243256590671705
1,1500,486,0.0383542125992393,0.100841642988029,0.0489036531535401,0.0303438465324992
1,1500,487,0.0426882003219098,0.10708639225784,0.0524734211833162,0.0362267659473119
1,1500,488,0.0394274038936564,0.102553315970568,0.0483492993656618,0.032921051504611
1,1500,489,0.0357639750352183,0.0998884439884715,0.0396139388399104,0.0294685374647936
1,1500,490,0.0330060857903021,0.0937715488754618,0.0455838730063072,0.0374559083618184
1,1500,491,0.0352561486258021,0.106270678201286,0.0517566571967176,0.0398544950241171
1,1500,492,0.028062174409293,0.0954582967988697,0.0435923036896817,0.028689346031517
1,1500,493,0.0416539997617709,0.10105901029361,0.0506420425433662,0.0451215164909595
1,1500,494,0.0361209047708109,0.103466014938544,0.0393250837090726,0.0431547306703011
1,1500,495,0.0330000180299908,0.0970795119924244,0.0427105557731227,0.0386014736160121
1,1500,496,0.0387210454124414,0.104489139857985,0.0511855356141617,0.0414570415553801
1,1500,497,0.0367972470814364,0.103838060537147,0.0548518462869412,0.0340872021337231
1,1500,498,0.0325969729408233,0.101603927282654,0.0396069593483912,0.0304207860997725
1,1500,499,0.0387887805525573,0.105144880362945,0.0430545946754481,0.0347440576829401
1,1500,500,0.0370298457237168,0.0991037386882816,0.0556508899992496,0.0326923864070903
1,2000,1,0.0352630939969194,0.10473317849764,0.0487050825885176,0.0230005975870873
1,2000,2,0.0388113167425019,0.103422964786597,0.0425945538557346,0.0312921000720225
1,2000,3,0.038039113368131,0.10342548761174,0.0445230796468481,0.0391568060988325
1,2000,4,0.0359783787649928,0.101928656794814,0.0459608023837483,0.0262932057773912
1,2000,5,0.0349975013879649,0.103423995987358,0.0442662591040377,0.0242359461722357
1,2000,6,0.0326470848603575,0.101309056795918,0.0351486591337649,0.0235736456678441
1,2000,7,0.0353626560795826,0.0998486239625582,0.0450864969016036,0.028240581434916
1,2000,8,0.0365480194471919,0.103546480957063,0.043716367652042,0.0271754800885275
1,2000,9,0.0395237839478528,0.105160568112576,0.0457230532242852,0.0316549631771179
1,2000,10,0.0349636422275492,0.0989102101913175,0.0431793860019896,0.0502423532554628
1,2000,11,0.0313250753759107,0.101806758697034,0.0492168069146726,0.0264627443734642
1,2000,12,0.0301044411304767,0.0977312098255696,0.0508451245169146,0.0300789717178476
1,2000,13,0.0371838017427164,0.102535952400654,0.0454737135817109,0.0245027517052039
1,2000,14,0.0317186830124074,0.0923957657852972,0.0363193700935467,0.208259619177265
1,2000,15,0.0310315952191436,0.099802139372017,0.0428965485802324,0.0261264225280704
1,2000,16,0.033446395622597,0.100591555303718,0.0415108513811893,0.0336095886162973
1,2000,17,0.0351395796012739,0.101865504988354,0.0478299083498206,0.0180929827724388
1,2000,18,0.0349503087472547,0.0990715365705654,0.0463330658046737,0.0244673258206629
1,2000,19,0.0324807934527784,0.100297382130216,0.0465124767305176,0.0317414001799015
1,2000,20,0.0356198429049868,0.100246522801032,0.0520530904652423,0.0361096152993789
1,2000,21,0.033794037831431,0.102898929190084,0.0442483179830544,0.0268906637558941
1,2000,22,0.03792372310027,0.100416010250014,0.0428774342315055,0.0292625636663393
1,2000,23,0.0336839303198913,0.10177940194601,0.0515529925935427,0.0345433020144581
1,2000,24,0.0360896433832945,0.102116872211308,0.0523754758394419,0.0246663886225136
1,2000,25,0.0350800995704605,0.100634146578365,0.041817152484477,0.0197250222850369
1,2000,26,0.0358056487621869,0.100981529808231,0.0437053079188769,0.0209693313043646
1,2000,27,0.0332993097260115,0.101436280473536,0.0415168934626575,0.0222016852221143
1,2000,28,0.0365784267277955,0.0992398344601499,0.0502454249393214,0.0256325209085841
1,2000,29,0.03255135257792,0.0983209482934602,0.0478054542188682,0.02693831093483
1,2000,30,0.0297564479735983,0.103681165559468,0.0371856024787742,0.0218134252661684
1,2000,31,0.0372674642355915,0.10149368674766,0.0353922038065324,0.0312334455646559
1,2000,32,0.0360599886109869,0.0998856201268532,0.0491508702153212,0.0301670455768288
1,2000,33,0.0345666020934856,0.10273565806187,0.0520281828561626,0.0323062280154465
1,2000,34,0.0346383572647517,0.0997118088303026,0.0366995990172203,0.0296241449364656
1,2000,35,0.0333399441897015,0.102849699962228,0.0501851624431844,0.028648660265433
1,2000,36,0.0366767542520772,0.0943457775304188,0.0496110140086323,0.0266175226269387
1,2000,37,0.0369120813515371,0.10382909613826,0.0401451378943614,0.0267544812162681
1,2000,38,0.0364705748357046,0.107756791347131,0.0461978693559204,0.0232778617164509
1,2000,39,0.0323652689611393,0.101949603127657,0.0476579015109326,0.0248244634532466
1,2000,40,0.0286770412790815,0.0975926350545149,0.0390923712183078,0.0214688388933573
1,2000,41,0.0343703456470636,0.101475819155191,0.0436475593792942,0.0215439346737025
1,2000,42,0.0334045797831515,0.0968434393686739,0.0417061910994836,0.0189601721263086
1,2000,43,0.0389938017389755,0.103137271453898,0.0436258804800098,0.0274764896807165
1,2000,44,0.0359283915928748,0.102949293793315,0.0468084751354221,0.0198780078893497
1,2000,45,0.0318047811065729,0.0986290401006444,0.0427968774811429,0.0350777384191099
1,2000,46,0.0285600843154763,0.0965379561295514,0.0548357787607627,0.02547738931359
1,2000,47,0.0400107770290996,0.10412012344222,0.0379207190420707,0.0318738687675959
1,2000,48,0.0364366685949482,0.0980231933483888,0.0341342710425503,0.0304397491752038
1,2000,49,0.0343294114903947,0.0991791238028157,0.0394244656072522,0.0208957371230241
1,2000,50,0.034364109609482,0.10551535602375,0.0424792047252442,0.0177885399327289
1,2000,51,0.0341612452339533,0.0973202547774894,0.0384281037206144,0.0311702274817083
1,2000,52,0.0381800143694304,0.107181731640145,0.0502182892551362,0.0248830873732664
1,2000,53,0.0311685752057123,0.0952864682638788,0.0477794439100223,0.0272087616600494
1,2000,54,0.0381335670129423,0.101862317947383,0.0479443431786235,0.0316019967358629
1,2000,55,0.0323447682626414,0.100647979434557,0.0433377505914672,0.0313088317908352
1,2000,56,0.0317883949761253,0.10203591807855,0.0366457357187457,0.0248478882214853
1,2000,57,0.0379821529013364,0.101931239946109,0.0463225503346876,0.0199687020453692
1,2000,58,0.0343139978860914,0.100805987491252,0.0493864641628907,0.0311675368707776
1,2000,59,0.030758533704959,0.102753829740547,0.0492220102737344,0.0214392304063504
1,2000,60,0.0386793831082008,0.103297980368171,0.0553396636629455,0.028289728753218
1,2000,61,0.0397792253561724,0.0998802045370828,0.0480935188659308,0.0298799878609262
1,2000,62,0.0345134413450867,0.0985885943327363,0.0400975565483572,0.0175634221882486
1,2000,63,0.0384038869915331,0.106148638927446,0.045227282765204,0.0292783746331571
1,2000,64,0.0394263999274704,0.0947229274277517,0.0415114789508841,0.0364499586024651
1,2000,65,0.0319057013826782,0.100129541606538,0.0500259595717225,0.0233796850824559
1,2000,66,0.0336835985526502,0.10043162847557,0.0495265105197242,0.0226626284455822
1,2000,67,0.03175307645423,0.0933218228470571,0.0356613986814971,0.0198402868031726
1,2000,68,0.0333025473664037,0.0891222177821789,0.0362947643275366,0.0373464753950115
1,2000,69,0.0398258995268921,0.101803024257494,0.0473310825532935,0.028812795294676
1,2000,70,0.0346658138033118,0.0998874878907585,0.0373744269833616,0.0277359730743443
1,2000,71,0.030577975782462,0.10137084093321,0.0448220055986688,0.0209108825136857
1,2000,72,0.0363576615034038,0.0945572131834949,0.0366986049054454,0.025998572827759
1,2000,73,0.0311195340700019,0.0962657528197297,0.0444465487796843,0.0289535293858529
1,2000,74,0.0361584347520538,0.0969137802902693,0.0397766630641105,0.0213087758239208
1,2000,75,0.0363157707620139,0.0998134220709797,0.0455290544228866,0.0193406282421367
1,2000,76,0.0389262383405033,0.103000670145535,0.0547073639616142,0.0247148741401473
1,2000,77,0.0392075012588229,0.10466430031313,0.0438703547354207,0.0317534102405814
1,2000,78,0.0391812024067917,0.10146908096106,0.038078325021855,0.0312479099515763
1,2000,79,0.0351185071010494,0.099952479311602,0.0458604098454316,0.0332577631937363
1,2000,80,0.033973589815705,0.101041108148452,0.040558804629889,0.0429010298760326
1,2000,81,0.0324713470431699,0.101936053649263,0.0443578872593107,0.0286589310516454
1,2000,82,0.0318312259716751,0.097088703698702,0.0394642219365817,0.0215983364902099
1,2000,83,0.0359825180720104,0.0965218354832991,0.0453277505545278,0.0224078412338933
1,2000,84,0.0385844965403506,0.10396487551726,0.0408080681013863,0.0318264907182215
1,2000,85,0.036996726337317,0.105188709740409,0.0537690659005245,0.027004406953957
1,2000,86,0.0362890752300788,0.102179820052326,0.0421551509765736,0.0290424669031542
1,2000,87,0.0351925435417415,0.0986329464670712,0.0454678289664165,0.0300777621923496
1,2000,88,0.0362159261491544,0.100788051483887,0.0391561506786975,0.0307852781500468
1,2000,89,0.031852130526161,0.0947028499517304,0.0374195955491474,0.031613806971144
1,2000,90,0.0327015364092254,0.0974033630677658,0.0436894873343985,0.0426577173499123
1,2000,91,0.0351918889174052,0.0979492736369154,0.034476578603543,0.0296282834042332
1,2000,92,0.0332386898444081,0.0939347255643121,0.0397693599393711,0.0249565275237107
1,2000,93,0.0347230809799448,0.101354488836569,0.0377566868325654,0.0289335571331548
1,2000,94,0.0344295621281259,0.100950597250279,0.0386806060636027,0.0185619447239711
1,2000,95,0.0348486269356776,0.100702979091744,0.0438478272617191,0.0242578051681355
1,2000,96,0.0313213391111069,0.0950071973860198,0.0505265461423563,0.0237169907473669
1,2000,97,0.0382043761711648,0.100811427564784,0.0516239437529864,0.0263886248362952
1,2000,98,0.0344935238154456,0.104699228032438,0.050370913701129,0.0362041897994019
1,2000,99,0.033515520722553,0.0924266618830618,0.0419163947687824,0.0299503946344595
1,2000,100,0.033861370488715,0.0997670685061069,0.0368159422886367,0.0293342502123513
1,2000,101,0.0344690251263799,0.103313306678589,0.0546824326103763,0.0381479192460636
1,2000,102,0.0337400122596796,0.100563870121351,0.0493237711020071,0.0300173814412716
1,2000,103,0.0335172606830791,0.0999507484057176,0.0475731628537481,0.85357865994434
1,2000,104,0.0318147865472731,0.0993092827161259,0.0450424676039725,0.0273960772219612
1,2000,105,0.0393437012983568,0.0993760682767062,0.050991356461471,0.0303840183373796
1,2000,106,0.0350652738022454,0.101084552227367,0.0526958798005199,0.027268811472771
1,2000,107,0.0324743234793643,0.099393736798969,0.0483347220657402,0.0198484389907958
1,2000,108,0.0367402831136818,0.104299406473077,0.0514515405138463,0.0187475987409411
1,2000,109,0.0345997104737343,0.104702010652342,0.0437428989265203,0.0353365422931544
1,2000,110,0.032129164200922,0.101400740421784,0.0530665872047218,0.019402883419597
1,2000,111,0.0382570836512772,0.0953451684513791,0.0451566034067385,0.0314301409192654
1,2000,112,0.0348570439954667,0.0971199106836718,0.0444534776844789,0.0220189743114145
1,2000,113,0.0354721769829875,0.0974087569284519,0.0320343385846997,0.0184247533343351
1,2000,114,0.0349228726538842,0.0995641460858201,0.0502315532273627,0.243019165845808
1,2000,115,0.0317597380290311,0.0932972239960588,0.0373343297295394,0.0275335242722796
1,2000,116,0.0362133593371043,0.102864832674357,0.0523424156480472,0.0258522237805432
1,2000,117,0.0374525207959666,0.101101144573461,0.047157391487533,0.0206600956429572
1,2000,118,0.0336411234365901,0.0993979800709563,0.0402188861528394,0.0298974283204441
1,2000,119,0.0338960014746494,0.0970143041988043,0.037598925275085,0.0230299300553307
1,2000,120,0.0323302046384002,0.10395586052243,0.0533049461304884,0.0260010519101741
1,2000,121,0.035355055458774,0.0977658059786992,0.0466903886868713,0.0324468843901009
1,2000,122,0.0320432552696579,0.100672142490817,0.0346906177342392,0.0259811051318239
1,2000,123,0.0321597495904387,0.0956780891312399,0.0357989883414738,0.0252968191637848
1,2000,124,0.0333497119624759,0.10464164129105,0.048732196803615,0.0168809216929919
1,2000,125,0.0354844585487011,0.0964753348178968,0.0408037757021711,0.0285866357956124
1,2000,126,0.0357328149000702,0.100364251588427,0.0472889605913551,0.0129617351467506
1,2000,127,0.0344361553990558,0.0998341526826143,0.0401203158345944,0.0147775718349257
1,2000,128,0.0361085045907887,0.096545308850092,0.0345415083539704,0.0207495072250594
1,2000,129,0.0375223387787258,0.105659653453618,0.0552382749193725,0.0228221513076239
1,2000,130,0.0328272790884809,0.100498546296581,0.0477902301067221,0.0378212548968642
1,2000,131,0.0313285334659692,0.102236565203345,0.0441972874291263,0.0344077294526093
1,2000,132,0.0336796221581335,0.102315319523636,0.0560994796615935,0.0317325733921461
1,2000,133,0.0381483792454962,0.0992998601610717,0.052500730611645,0.0302919008137681
1,2000,134,0.0362405456622197,0.101919611556786,0.0475463552163722,0.032457168075567
1,2000,135,0.03340298273497,0.101702024161716,0.0437541857477277,0.0262287225257858
1,2000,136,0.0398030208214586,0.103267834004539,0.0435514774274752,0.0277997911083459
1,2000,137,0.0375069961438981,0.0968454003160133,0.0346584440074038,0.0354617664385737
1,2000,138,0.0356958430487713,0.105141920667856,0.0374757147709521,0.0331598145108893
1,2000,139,0.0347984529843606,0.0983686506827686,0.0437418124148969,0.0338224976610391
1,2000,140,0.0370654553474647,0.0980312253297939,0.0407912058663855,0.031824278994639
1,2000,141,0.0317252828735592,0.102033494800268,0.0424862329801767,0.0422843999762434
1,2000,142,0.0363679610626084,0.0995644442963308,0.0416794317668672,0.0331820922526815
1,2000,143,0.0386743197332442,0.103531334388507,0.0511847142056712,0.0307266348674045
1,2000,144,0.0375212040014619,0.103360690148356,0.0541070857394168,0.0231049455472165
1,2000,145,0.0378802221624066,0.0987522562409875,0.0464037979532137,0.0260136561565822
1,2000,146,0.0321153129514522,0.100360618865027,0.0411383699061689,0.0207390707153139
1,2000,147,0.0364115813217194,0.0974255152905974,0.0367766103135143,0.0248526398002271
1,2000,148,0.0400449600754942,0.103363482386818,0.04706029199457,0.0291415361065914
1,2000,149,0.0312793815662364,0.100480911480673,0.0546283701886345,0.02514108681962
1,2000,150,0.0349108489309353,0.0997257907470261,0.0429963606071135,0.0272650900775995
1,2000,151,0.0395141592756993,0.102532593003572,0.0445552734121417,0.0247053231773235
1,2000,152,0.0363869712402152,0.103875918580191,0.0442146559483347,0.0352498588287748
1,2000,153,0.0356685489516666,0.101905350974932,0.060950580192715,0.0399886555937001
1,2000,154,0.0327797628047959,0.0990972810609834,0.0481662282637882,0.0265697286127986
1,2000,155,0.0296675769529571,0.0996859377690331,0.0451870310172848,0.0224604764204892
1,2000,156,0.0389642166446031,0.0991617326142651,0.0505523766961424,0.0418094182297954
1,2000,157,0.0342653495958245,0.0956074940767786,0.0515543786469066,0.0352348021687123
1,2000,158,0.0355587274106721,0.0999099044942575,0.0532505314308351,0.0380747008856068
1,2000,159,0.03916996674476,0.103350403365449,0.057416813927468,0.0218612068486863
1,2000,160,0.0352616684312843,0.0981657876213213,0.0470602036469832,0.0302981282365669
1,2000,161,0.0327621135846687,0.0960077376873636,0.0434089053899096,0.0182117763838878
1,2000,162,0.0370126573509348,0.103862453946455,0.0481158844065861,0.0351185358201196
1,2000,163,0.0337871611559557,0.0950926865429624,0.0486460191780917,0.0224768204053816
1,2000,164,0.0372422610201959,0.0966626887001518,0.0533343417980365,0.0350062515599265
1,2000,165,0.0346723779598908,0.102678576643212,0.0394716582392549,0.0232573792055402
1,2000,166,0.0346200869759625,0.0981031826746681,0.0415503126990213,0.0318768535983984
1,2000,167,0.0364187418694288,0.101680304027198,0.0424620807598726,0.0192278873941034
1,2000,168,0.0345590478118529,0.102187975783929,0.0397665675086405,0.0234194776612928
1,2000,169,0.0389435982149413,0.0984379365200552,0.0449718745741388,0.0196146200152609
1,2000,170,0.0369682205572319,0.0972433542468747,0.0431070076467004,0.0213100176817516
1,2000,171,0.0397107699779653,0.0990704862575931,0.035204932299342,0.0261253413432243
1,2000,172,0.0356034023978047,0.103949299426794,0.0446777660848576,0.0194178635608704
1,2000,173,0.0332910486754183,0.0980518194024751,0.0418117196887833,0.0209135883293521
1,2000,174,0.0368717399262419,0.0981457842295093,0.0378328023964238,0.0268840476195233
1,2000,175,0.035437537438471,0.107305441913835,0.0466503077261713,0.0214444780456855
1,2000,176,0.0366655312486823,0.0991401081095211,0.0448066015115876,0.0267122615845221
1,2000,177,0.0358231856172846,0.103210452203251,0.0442889015691501,0.0227510970173967
1,2000,178,0.0354544360422173,0.100204807688079,0.0444117595010438,0.0405890036587222
1,2000,179,0.0345820161727135,0.102629143790574,0.0543764574378116,0.0279611814901879
1,2000,180,0.0355380518314123,0.103661608496863,0.0487648785876313,0.0215973894807251
1,2000,181,0.0396550389240917,0.101322269088983,0.0547570999653662,0.0289826928069847
1,2000,182,0.0409501646335644,0.106557245960832,0.0446356694826118,0.0379657131332192
1,2000,183,0.0374292503377891,0.100168699726429,0.0441240617672909,0.0239994562293004
1,2000,184,0.0332948218807545,0.0953382178311337,0.0420533594835679,0.0294867446153553
1,2000,185,0.0314624499976597,0.100491674964399,0.0451759604053827,0.0240031135103929
1,2000,186,0.031703509039807,0.102693542688487,0.0513612009423374,0.0217190243997518
1,2000,187,0.0321662248567138,0.0963088572215276,0.0454596353817769,0.0225325526864819
1,2000,188,0.0354919536732869,0.0994121917734805,0.0443805281020375,0.0298387861873726
1,2000,189,0.0327981252082279,0.0929272920923645,0.0396658690638807,0.0239199751483736
1,2000,190,0.0336635211288931,0.0984612733328447,0.044718822367882,0.0200020011947408
1,2000,191,0.035708527432661,0.0973072660967591,0.0383672624809368,0.0385533627457042
1,2000,192,0.036320586497955,0.0942710526722805,0.033912186940015,0.0362935950451631
1,2000,193,0.0354815340521399,0.0996878684726581,0.0487063206567826,0.0218714519681469
1,2000,194,0.0351465636618593,0.109244773621139,0.0609240832587072,0.019013781003429
1,2000,195,0.037570120234075,0.104375197696087,0.0608742432217257,0.0234824485531635
1,2000,196,0.0370259941041047,0.0963528870205568,0.0411276080559246,0.0336794396971922
1,2000,197,0.0344514885104161,0.0932181225996418,0.0487310875710971,0.0288514896854826
1,2000,198,0.0315831237141146,0.100006626683086,0.036915758072092,0.0258470345143995
1,2000,199,0.0382328481118575,0.100267814978599,0.0471005330637757,0.0164521233900978
1,2000,200,0.0382137354410688,0.100966999787541,0.0509548273779477,0.0280882814076311
1,2000,201,0.0363146441469888,0.103021748772151,0.0388936582108308,0.0156772255832556
1,2000,202,0.0303080255492638,0.100155205435203,0.0455444979908557,0.0293280511365792
1,2000,203,0.0357309479286976,0.0982185804638709,0.0427931617812776,0.0223297423881459
1,2000,204,0.0299368926861847,0.0949852600800869,0.0467763076743635,0.01758207978413
1,2000,205,0.0390078912808349,0.100432296024767,0.046041818106384,0.0172706406613063
1,2000,206,0.0372760683704529,0.103423082782802,0.0476143393663462,0.0292106269351207
1,2000,207,0.0384465552020024,0.107920692040919,0.0500746541454109,0.0354515295654481
1,2000,208,0.034258599618779,0.100027304354902,0.0409041581522445,0.0221023526857496
1,2000,209,0.0334623588405116,0.0967439319396461,0.0450761193181672,0.0159241134405712
1,2000,210,0.0296070067008514,0.0936004515857856,0.0397491075630581,0.0225465252586585
1,2000,211,0.0357568505232491,0.101717928943658,0.0422036067112626,0.0271102586208498
1,2000,212,0.0330064110689656,0.097187001675006,0.0432079088662332,0.0247144212530903
1,2000,213,0.0361145556939537,0.0935516174836593,0.0406415872560908,0.0281679618592006
1,2000,214,0.0315281772848053,0.0981209116098936,0.0434384301478625,0.0158039219205479
1,2000,215,0.0351283907914188,0.0940636711943048,0.0430254716551526,0.0285643763375423
1,2000,216,0.0324142216064016,0.103630726799434,0.0384726590759381,0.0272209873893552
1,2000,217,0.0379463574405703,0.102116241432221,0.0475145896356373,0.0193823996780003
1,2000,218,0.0319176336432867,0.096987595012032,0.0446429238940158,0.0274909473387277
1,2000,219,0.0346041140339064,0.0998427668462301,0.0492400599737435,0.0367510253457657
1,2000,220,0.0362127900098064,0.0969735935813265,0.0486892965053294,0.0335979625370637
1,2000,221,0.0371591533033768,0.0976658550030527,0.0380485576406637,0.0288140540559805
1,2000,222,0.0322112637434739,0.0972862090068669,0.0384204701785762,0.0232209086036965
1,2000,223,0.0322425348183657,0.0985606656574309,0.0474504631259605,0.0194257291238871
1,2000,224,0.0351785134548361,0.0967417137479696,0.0467692420887571,0.0261744634025105
1,2000,225,0.0353755823549522,0.0943701339040528,0.0456964328480305,0.0206810324785973
1,2000,226,0.0357184053444335,0.0988679838193562,0.0451729451566751,0.0305976128599046
1,2000,227,0.0351887871498939,0.10014686534655,0.0418207923703924,0.0273531090040411
1,2000,228,0.0324210498305189,0.104015130815239,0.0421309227632594,0.00736129681810294
1,2000,229,0.0362378000690167,0.0978917255229943,0.0498759480912687,0.0140553625548423
1,2000,230,0.0388104184302203,0.104552399729781,0.0446738735672134,0.0363095594108482
1,2000,231,0.0360179233273334,0.0984611113634581,0.0484444524023195,0.0295224026681125
1,2000,232,0.0365778799955259,0.10138342392589,0.0426224199809155,0.0214157379522382
1,2000,233,0.0328446551399404,0.100926860406131,0.0461450204480631,0.0256656297282987
1,2000,234,0.0359125234834137,0.103115318156377,0.041870598823833,0.0239880879656089
1,2000,235,0.0340209346888716,0.0981178351834868,0.0350164877174004,0.0282683324055355
1,2000,236,0.0367764342392893,0.101280569492758,0.0448133579482963,0.0334414985450995
1,2000,237,0.0361518723985856,0.0966742104226779,0.0347764039109395,0.0259254046134512
1,2000,238,0.0374940748059578,0.0993124579415865,0.0584056600825078,0.0156076609504403
1,2000,239,0.0369930051893426,0.098991722790305,0.0368258683166833,0.0244610509139136
1,2000,240,0.0337391012166672,0.09863395700813,0.0414062390031555,0.020558627595892
1,2000,241,0.033417156655887,0.0916440858407674,0.0386692239431352,0.0224398613344441
1,2000,242,0.0326976071973903,0.0929251319351898,0.0407622061263224,0.0322347876667575
1,2000,243,0.0360647396988782,0.0983993780674439,0.0464549275131618,0.0273695877549662
1,2000,244,0.0411748420045626,0.106595119552259,0.0503397162539061,0.0373480587985713
1,2000,245,0.031581901097868,0.0971871930216879,0.0580391038546899,0.0360804084048871
1,2000,246,0.0328345759379947,0.0973755560466425,0.0392544224226208,0.0435106721817293
1,2000,247,0.0365810763142567,0.102688633541481,0.051083867571269,0.015573400854566
1,2000,248,0.0358523701222995,0.102149698908424,0.0415838902782923,0.0194751719043593
1,2000,249,0.0353643773274901,0.096563744304184,0.0467134163783474,0.0443954640418671
1,2000,250,0.0362741066785626,0.0987225673988803,0.0397178367575388,0.0224139083644705
1,2000,251,0.0342698934677605,0.103317465595479,0.0397244784591906,0.024663792076449
1,2000,252,0.035328717825662,0.100422126895749,0.0522865049152534,0.0334217394258549
1,2000,253,0.0325990051987257,0.101864498093613,0.0419753950277795,0.0284997868023662
1,2000,254,0.0370286178566954,0.100611073401729,0.0427876857045646,0.0232614723110374
1,2000,255,0.0324541822140809,0.0977260368180304,0.0466292692814738,0.0181869983906879
1,2000,256,0.0327260954114259,0.0989774758317714,0.0358083694064257,0.036273730776468
1,2000,257,0.0323134885926391,0.100103722971161,0.0455071245672729,0.0173925511278334
1,2000,258,0.035337557274058,0.103241504396497,0.0460780241318899,0.02708125795936
1,2000,259,0.030284298782481,0.0971357669664514,0.0453530487585139,0.0183731324814369
1,2000,260,0.0330551128639993,0.097791501630579,0.0391616236671248,0.0376453128009582
1,2000,261,0.0332954381487196,0.102164270657537,0.0427859570837954,0.0295327605547391
1,2000,262,0.0380622002660589,0.0989939353689158,0.0560899164609905,0.0200213961521998
1,2000,263,0.0390823843446859,0.10047912623337,0.0539400954273599,0.0160225766750983
1,2000,264,0.0330573342217928,0.098354871333276,0.0422797846330574,0.0263710834524116
1,2000,265,0.0349173804074958,0.102036144431061,0.0473063364160213,0.0297127562259327
1,2000,266,0.0357094022974376,0.103837161351532,0.0393865438129313,0.0165258439522171
1,2000,267,0.0390855010830424,0.100342765193945,0.0389458269311191,0.0209863309718055
1,2000,268,0.0356587462305384,0.10039865098802,0.0446144038876517,0.0255497015388062
1,2000,269,0.0329626648384624,0.0982029257654427,0.0396133650475989,0.02977809733628
1,2000,270,0.0363420655200024,0.0979400758035229,0.0481093879402603,0.0246459216134278
1,2000,271,0.0330893326159925,0.0982827865621188,0.0481861610471295,0.027535279823526
1,2000,272,0.0341184853657899,0.0979966034320001,0.0525284599366984,0.0256198271654682
1,2000,273,0.0314454292884694,0.0976647211493806,0.0411047369739401,0.0317953671547133
1,2000,274,0.034962663549986,0.0973380541322901,0.0434483518033768,0.0177931475250457
1,2000,275,0.0350772999493039,0.105571796516974,0.0454635410802997,0.0240740858348107
1,2000,276,0.0374063926952719,0.103361993540079,0.0510927801104604,0.0226595219511894
1,2000,277,0.0362053138010403,0.0984582846602626,0.0496442816627007,0.030737204144484
1,2000,278,0.0361355074830396,0.0978297439621989,0.0361365298511558,0.0351255274129567
1,2000,279,0.0365712237176554,0.0947542648235842,0.0432747670169225,0.0216383010089485
1,2000,280,0.0326009169608197,0.0999491977354294,0.0435144255778626,0.0230576091956325
1,2000,281,0.0360282400523657,0.105568309802659,0.0541469830993073,0.025704502955715
1,2000,282,0.0367656936669911,0.098249472480471,0.0434871119799631,0.0306081486208167
1,2000,283,0.0339272522073952,0.100996931207437,0.0416111323803219,0.0235744348142533
1,2000,284,0.0398388770429159,0.0990909386397083,0.0371515801722451,0.0280981622325356
1,2000,285,0.0342818325020759,0.0935514294343527,0.0490749420417511,0.0227720640689582
1,2000,286,0.0353627082870525,0.101301869067361,0.0503675629082718,0.0192729053686533
1,2000,287,0.033192134577984,0.0941553165404552,0.0445227752258894,0.0281039495120516
1,2000,288,0.0358237104933024,0.0998148968937329,0.0400552653228925,0.0312117171290431
1,2000,289,0.0349760247049553,0.102502185020092,0.052010226520939,0.0245052018085781
1,2000,290,0.0332674386494676,0.0927542706085298,0.0373378863596106,0.0261662799412448
1,2000,291,0.0349146903017967,0.096296403452635,0.0428602035631063,0.0328772463825233
1,2000,292,0.0323318287509207,0.100385979810323,0.0440908747282214,0.0174841515970492
1,2000,293,0.0350995255289186,0.103960711038269,0.0464845408466186,0.0220183481776963
1,2000,294,0.0339689154216343,0.0945077928806131,0.0450005384715086,0.0186484383739729
1,2000,295,0.0355167087955719,0.0998996611137475,0.0598534214889788,0.0202088512858369
1,2000,296,0.0332748496615427,0.0964286151608491,0.0485592369344068,0.0358181811577312
1,2000,297,0.0325733129700314,0.0942974565245147,0.0406557781310419,0.020275363985067
1,2000,298,0.0317803632908991,0.100162457212467,0.0432100877908628,0.0192143426994138
1,2000,299,0.0312127786403111,0.0981454796103129,0.0494540095562395,0.0351564724399431
1,2000,300,0.0344842336433178,0.100727396734024,0.0437930196759506,0.0335836230190441
1,2000,301,0.034901036631277,0.104950469426689,0.0462475065871688,0.0294438234211762
1,2000,302,0.0383982655227997,0.0983286361005491,0.04506074241756,0.0241569578434908
1,2000,303,0.0352350337121365,0.103046388730033,0.0432753779771928,0.0259714280944481
1,2000,304,0.0354333202096901,0.0959393770043204,0.0503361092999888,0.0283913905371092
1,2000,305,0.0342365209945192,0.0961460272851615,0.0518662528704006,0.0262886495343888
1,2000,306,0.0364724046388398,0.104827273922635,0.0426304066253194,0.0217365973737127
1,2000,307,0.0317607634686052,0.0994846438306367,0.0436348019055819,0.0313765983573198
1,2000,308,0.03052338839425,0.0957091145283262,0.0413409912741778,0.0263327223750485
1,2000,309,0.0346438089125669,0.0979553185476065,0.0382144241328581,0.0216949893514606
1,2000,310,0.0315603379210534,0.102923643467521,0.0447680223693725,0.0369424078018434
1,2000,311,0.0357377681840521,0.10101437618538,0.0502273314696866,0.029431470024289
1,2000,312,0.0335088173941867,0.100539982365917,0.039695485230874,0.0307966190251114
1,2000,313,0.0379438182929168,0.102553045214493,0.0492457233907087,0.0319887887091912
1,2000,314,0.0315451636901636,0.0998213446731302,0.0412051045247419,0.027342714864051
1,2000,315,0.0383247377550517,0.106256024836714,0.0501354509813408,0.0265446967842369
1,2000,316,0.0339786211719459,0.100477585462734,0.0389770407945607,0.0366789334658439
1,2000,317,0.0346053196854716,0.0999490672313064,0.0424540032608747,0.0230047886971516
1,2000,318,0.0360302775524139,0.104182426359819,0.043937805807063,0.0303340812638493
1,2000,319,0.0366708739211974,0.0984992177179413,0.0467247304476612,0.023065154856893
1,2000,320,0.0391618839043431,0.108127712929276,0.0429632596902958,0.0260702234826673
1,2000,321,0.0339325563272899,0.097978612074473,0.0419310649496833,0.0336922710748995
1,2000,322,0.0336376989038845,0.101392938550477,0.0375143300722223,0.0181759783970878
1,2000,323,0.0367926544324702,0.102173166357448,0.0593435786062477,0.0330496060636247
1,2000,324,0.0329629743941655,0.105061222303223,0.0422021159813033,0.0225699559925121
1,2000,325,0.0335908740563178,0.102340255954456,0.0474861855474056,0.0419736239034079
1,2000,326,0.0350349920394439,0.0990534651636392,0.0431723283422865,0.0276162584818487
1,2000,327,0.0362750553138551,0.101812247813481,0.0470943699323478,0.0237572012572875
1,2000,328,0.034979919703175,0.0992315994839297,0.0473854178944471,0.0217700262076392
1,2000,329,0.0331619104203045,0.104772671723866,0.0527366588545914,0.0361711175215833
1,2000,330,0.0316035727558686,0.0987483468621466,0.0408608254749232,0.0199992427654145
1,2000,331,0.03270341265345,0.0933075587791601,0.0409417913311882,0.0207471252944016
1,2000,332,0.0340346248277881,0.0995571301256832,0.0470273685390321,0.0270288254674904
1,2000,333,0.0349465557937525,0.105509489123427,0.051077134794516,0.0212788302711864
1,2000,334,0.0313122401840551,0.0967731318440062,0.0374939679831681,0.0151765538190223
1,2000,335,0.0313701709296084,0.101566028143245,0.052307658291679,0.0229310082813958
1,2000,336,0.0369341298327197,0.102726577288034,0.0470856353155509,0.0301483978249193
1,2000,337,0.0367980704005648,0.101878322264241,0.0393341468646116,0.026112505362847
1,2000,338,0.035050137485763,0.106581700699256,0.0464406730989788,0.0218367701302771
1,2000,339,0.0354838406569307,0.095064812916142,0.0367232032456226,0.0179433799121538
1,2000,340,0.0364744186526877,0.105572214479581,0.0418249650150835,0.0291645706311221
1,2000,341,0.038023389610345,0.10036641677148,0.0498256515951445,0.0244357181396695
1,2000,342,0.0337078847552978,0.102661059778829,0.0443355025155576,0.0350133160795989
1,2000,343,0.0356448071090345,0.0991141693590329,0.0505276682056024,0.0223694935122731
1,2000,344,0.0372814594273845,0.0994158376362455,0.0481165405339081,0.038833473576561
1,2000,345,0.0390122890432527,0.1029226113052,0.0401596679562424,0.0351033064993911
1,2000,346,0.0363759970456226,0.106141815251927,0.0363819898026136,0.0259335989143163
1,2000,347,0.0327361646690576,0.101994679656902,0.0417325195690827,0.0283975493085484
1,2000,348,0.0316092921582267,0.0951546153080007,0.0407667198657293,0.0239260610665268
1,2000,349,0.033456130863242,0.0951988000559179,0.0413449043003666,0.0312462551950934
1,2000,350,0.0339277223896359,0.0940992958966886,0.0393274061724336,0.0213427416732141
1,2000,351,0.0291723006790998,0.0973443943193337,0.0439356299615326,0.0388948336391732
1,2000,352,0.0345455992123687,0.100075887640907,0.0433532216648012,0.0266746180673194
1,2000,353,0.0327454995316891,0.097345221289548,0.0446564839168788,0.0233755477438999
1,2000,354,0.0323262897653718,0.101754426675594,0.0375312606044049,0.0272269325508312
1,2000,355,0.0314456400018677,0.101169850642537,0.0482040112580224,0.0313844299596879
1,2000,356,0.0323184618282137,0.102725440533071,0.044465269220046,0.0328492997187757
1,2000,357,0.0380079943858094,0.10767280178375,0.0457378386989093,0.0177483229492545
1,2000,358,0.0337681186105556,0.0982331782209243,0.0467923723320323,0.0312814001334494
1,2000,359,0.0334560616559261,0.0963778021073367,0.0324122579670192,0.0300903296217314
1,2000,360,0.0362581719531745,0.0996224339987526,0.0428853976297148,0.0262953379440505
1,2000,361,0.0368588318980616,0.0986643783163788,0.039071377446094,0.0233043591214304
1,2000,362,0.034044500690056,0.102578082264232,0.0428730093620551,0.0236163247218009
1,2000,363,0.0374606911463213,0.102380247806745,0.041821152128215,0.0298391190328648
1,2000,364,0.0320586614135501,0.0998367448234669,0.0477080162894321,0.030432874738344
1,2000,365,0.0355195594227324,0.103090231639649,0.042336792379652,0.0266809427910444
1,2000,366,0.0372497892869246,0.108075541121434,0.0537431200779819,0.0267243856521959
1,2000,367,0.0375603593623124,0.0984224486390881,0.0461656782927844,0.025102866593171
1,2000,368,0.0359868344864751,0.102242409116581,0.0380155689412398,0.0309045901972986
1,2000,369,0.0392073678366744,0.103994516535804,0.0426839089826361,0.0225138807132452
1,2000,370,0.0326371973150592,0.097966448932971,0.0409277872199074,0.0226379707842306
1,2000,371,0.0347969755461679,0.0972888301487351,0.0427444210391206,0.0183154611422178
1,2000,372,0.0341414775930324,0.103231373081089,0.043387938537881,0.0235432656739516
1,2000,373,0.0432795086832334,0.10534285077227,0.0415917041169169,0.0334853585055226
1,2000,374,0.0314885166193846,0.0986448507687112,0.0444578837470586,0.0195836501230207
1,2000,375,0.039316222934344,0.101096102178546,0.0513888405279701,0.0291902951085119
1,2000,376,0.0376824862786451,0.0983108509702078,0.0368309387392933,0.0417637067525698
1,2000,377,0.0314709625582021,0.0951795460054636,0.0369204188042476,0.0122534874065012
1,2000,378,0.032180442224002,0.0961180141609139,0.044224949268947,0.0268678717142694
1,2000,379,0.0381440775671154,0.100945050632396,0.0539554112450276,0.02289257543945
1,2000,380,0.0324106498521659,0.097148315422138,0.0454151608848186,0.0255110629380564
1,2000,381,0.0356879146135305,0.102555176335821,0.0520369865551542,0.0183852932157322
1,2000,382,0.0372099833452648,0.099469960194972,0.055332936262668,0.0332631759795716
1,2000,383,0.0380837118586992,0.0983123006202464,0.0458299316207669,0.0230522288034409
1,2000,384,0.0403800996235504,0.101604207690965,0.0447663765786468,0.0448603000862171
1,2000,385,0.0378051061935063,0.104304296162004,0.0533596896800694,0.0280079858593667
1,2000,386,0.0331970257470764,0.0999866347095362,0.0424565538679409,0.0285090269726476
1,2000,387,0.0321944536424827,0.0944753874155022,0.0435606848072831,0.0277458456596915
1,2000,388,0.0345260153670253,0.101348828959824,0.0422653933065091,0.0252980072698181
1,2000,389,0.0368867126561934,0.101162349850805,0.0395415995671966,0.0260602789729001
1,2000,390,0.0382205597943195,0.10422638008054,0.0390911430760041,0.0180954282650732
1,2000,391,0.0381384619005962,0.104132649737261,0.0485374035333896,0.0305354608432091
1,2000,392,0.0385237416456956,0.10204361016911,0.0454767842421848,0.0313400764145397
1,2000,393,0.0332168515078139,0.101169722923036,0.0528458548930408,0.0292269131124652
1,2000,394,0.0328082586777085,0.100754444827431,0.0391072592116675,0.0259945887914519
1,2000,395,0.0344726877697463,0.101534718160806,0.0447833063994549,2.64068943832336
1,2000,396,0.0363193858766664,0.101591461666097,0.0419961157411872,0.0219681241883971
1,2000,397,0.0383925062514681,0.10723205219702,0.0445572271365835,0.0260338558595148
1,2000,398,0.0385356600932545,0.101502960928212,0.0485122714104291,0.0333115953965033
1,2000,399,0.0365851568999909,0.102037969649948,0.0420707241742211,0.0312301545056279
1,2000,400,0.0343384513798968,0.0985402765985317,0.0429284646363515,0.0266145410851131
1,2000,401,0.0362688439909604,0.0950801100542571,0.0424243879287645,0.0246776614152022
1,2000,402,0.0327576355480532,0.101051914226636,0.0450985235258801,0.0284095051177338
1,2000,403,0.0331549491186987,0.100239343859117,0.0461815180901473,0.0215848305141131
1,2000,404,0.033310324086405,0.095765636691814,0.0470152261976924,0.0258904437447522
1,2000,405,0.0339770162972239,0.101180863738055,0.05600733417838,0.0190881188613425
1,2000,406,0.033472342060296,0.103043830215137,0.0434471017114271,0.0129140649889481
1,2000,407,0.0316549606480452,0.0978020952550114,0.033086180093659,0.0261102986240709
1,2000,408,0.0391718302943918,0.104151366332744,0.034442471379369,0.0193138079034918
1,2000,409,0.0347831558822409,0.104687715542305,0.0498088779908912,0.0231724195371108
1,2000,410,0.0333657908370544,0.0999159126767273,0.0529591494391759,0.0245809797067609
1,2000,411,0.0331957130255252,0.0959478697474614,0.0456616105371865,0.024059154111723
1,2000,412,0.0353996873372824,0.0991178959679124,0.0350469019486974,0.0323068965484754
1,2000,413,0.037085472639204,0.0984270701886323,0.0361312838289132,0.0253629861480769
1,2000,414,0.0337313160901496,0.10155703689341,0.048997241025422,0.0373549711790608
1,2000,415,0.0393508466625041,0.10289336453373,0.0454700511702859,0.0314340796942292
1,2000,416,0.0412918405038118,0.10311005816294,0.0488420865873396,0.0364486378095881
1,2000,417,0.0338398437830196,0.0957743029238907,0.0361479909532518,0.0245491484064104
1,2000,418,0.0342487239167848,0.0970079296411903,0.0396556284149743,0.0225992652885518
1,2000,419,0.0351263777492934,0.102330662831575,0.040309072696451,0.0239865561132828
1,2000,420,0.0346055467181072,0.0983423137277888,0.0410969241257886,0.0345739054553291
1,2000,421,0.0364953206763483,0.101051286138943,0.0403508540919562,0.0246643008169847
1,2000,422,0.0372764718433893,0.0987228064325611,0.0365577233931913,0.0256522751676425
1,2000,423,0.0359781425606567,0.0989670298494141,0.0421239071990052,0.0206121963637755
1,2000,424,0.0400157859404093,0.105413218491396,0.0480676469470112,0.0268660631166631
1,2000,425,0.0346022515673103,0.0983406449075357,0.0424658980824253,0.0249933522964532
1,2000,426,0.0368353523641738,0.0962702895564653,0.03526022416806,0.0279771640688546
1,2000,427,0.0335023293256762,0.0973909268989819,0.0400418326452696,0.0232444673664549
1,2000,428,0.0352873374201617,0.103523389125153,0.0528919393783571,0.0278432675356328
1,2000,429,0.0355832396111821,0.0998182025990473,0.0372941120435384,0.0214066196349405
1,2000,430,0.0357626517768332,0.101044887571062,0.04426884100874,0.0303250441033294
1,2000,431,0.0374753355802564,0.0995819917427265,0.0376136767242419,0.0399501785243137
1,2000,432,0.0413851770193068,0.0999167441191851,0.0488877159913697,0.0202652331490714
1,2000,433,0.0373350918607527,0.0977177929964856,0.0481128483863571,0.300049399943641
1,2000,434,0.0280546398913184,0.0951090215748083,0.0461340625364204,0.405402156958674
1,2000,435,0.0346866666419858,0.105582817576626,0.0444372296241142,0.0413201218456547
1,2000,436,0.0395127577340568,0.103987275565044,0.0371525194757267,0.0454669035598825
1,2000,437,0.0346329158652747,0.0970364260644043,0.0467895978210617,0.0311622812153209
1,2000,438,0.0346596911672248,0.100454692062613,0.0486121818310188,0.0240857929832776
1,2000,439,0.0327870157809307,0.105030223192768,0.0446584390411531,0.0284670321788048
1,2000,440,0.0390978833323887,0.102913162508657,0.0505795978163237,0.0246251929166317
1,2000,441,0.0312347398554473,0.0967863130552655,0.0403251705845342,0.0320866752849198
1,2000,442,0.0348489324480044,0.0961116302429563,0.0396090637664424,0.0260540487011316
1,2000,443,0.0337968265787369,0.106768293431799,0.0490167921895222,0.0275841458437456
1,2000,444,0.0409611870475555,0.0999720333911793,0.0455870122388655,0.0242036135143928
1,2000,445,0.0322306243605119,0.0967818755804768,0.041177757110491,0.0235221504950729
1,2000,446,0.0367380302071281,0.1000180855692,0.0424800587026244,0.0318116567493827
1,2000,447,0.0316663101448718,0.0960235727030638,0.0440634825997392,0.0405629114333328
1,2000,448,0.032894644283628,0.0925328758853912,0.03862438668919,0.0287577363489961
1,2000,449,0.0367994425833147,0.100907106807403,0.0430238366065139,0.0272028772010173
1,2000,450,0.0377670952173175,0.098323729873937,0.0539052491094334,0.0221398753483957
1,2000,451,0.0356705379806808,0.106865161709665,0.048209478953229,0.0275312236042549
1,2000,452,0.0321117537482447,0.0998761439594635,0.0416372429012069,0.220303391835795
1,2000,453,0.0350062376057103,0.101036597315454,0.046046758001175,0.0281221980119744
1,2000,454,0.0362384562059299,0.100681998612833,0.0419612771302365,0.0278110130264588
1,2000,455,0.036690848008198,0.103023995793996,0.0560199402895007,0.0253730522138484
1,2000,456,0.0290859003680906,0.0934434305044258,0.0440259617181655,0.0310851209123955
1,2000,457,0.0364936856166946,0.10130507044098,0.0360817251967549,0.0266746522403059
1,2000,458,0.0407301552639749,0.10193047171785,0.0412244591935129,0.021786156221852
1,2000,459,0.033887003642177,0.0988518024079386,0.0378092934950314,0.0214218937526496
1,2000,460,0.035792639670474,0.103060737735923,0.0457145824676741,0.0259248830035452
1,2000,461,0.0368220134699861,0.0988337557429833,0.0421995228081662,0.0258813578053971
1,2000,462,0.0321710239288835,0.0952131966014551,0.0418988508344802,0.0304483714416486
1,2000,463,0.0382637406468622,0.10778163513098,0.0388647728755263,0.0271732649473646
1,2000,464,0.0352301643925739,0.0979708821997243,0.0460980865360849,0.0290622891145418
1,2000,465,0.0393856157977985,0.0979419306118703,0.0349771059690409,0.0187816037630106
1,2000,466,0.0371249597439272,0.102882426751179,0.0481624944278225,0.0247711023943773
1,2000,467,0.0335338136533769,0.0908401093558553,0.0395285888525305,0.0442550558693495
1,2000,468,0.0361304850602155,0.102199582785024,0.0338971603066662,0.0367436113450523
1,2000,469,0.0359203878380532,0.0963330644862079,0.0401658053815697,0.0325643145995427
1,2000,470,0.0327579627136794,0.0970288275951148,0.0409895164232901,0.019830262041596
1,2000,471,0.0378319619157828,0.10271697029227,0.044619941079866,0.0378977159096554
1,2000,472,0.0361317345943097,0.102100492933443,0.0432138201924204,0.0257834967800989
1,2000,473,0.034004545360093,0.100213554141139,0.045318971174924,0.0203802707541603
1,2000,474,0.0360102085519434,0.102565799569313,0.0496491092048401,0.0202789386472919
1,2000,475,0.0318851047350439,0.0978110399090584,0.0472334833374832,0.0328873258234503
1,2000,476,0.0326191870215884,0.102552242574691,0.0479061701034249,0.0195645303939722
1,2000,477,0.0318992997335312,0.0978634376910996,0.0493611959889504,0.028090214775359
1,2000,478,0.0358570417611441,0.101968857735672,0.0413180756058276,0.018363515703975
1,2000,479,0.036139058301399,0.10270749711564,0.0569992314647736,0.0324725808588935
1,2000,480,0.0367673426351802,0.100784815239338,0.0401268118994813,0.0220394368527377
1,2000,481,0.0397791045058693,0.104068513307513,0.0458007414676551,0.0262997245891388
1,2000,482,0.0353663836686466,0.0982788855125085,0.0432423539130524,0.0252297904723391
1,2000,483,0.0358820567888938,0.104211871913218,0.0461791522507877,0.0233991643957678
1,2000,484,0.0360030634165001,0.100524552792604,0.0454188135841511,0.0382165903888956
1,2000,485,0.0339234196016325,0.102650373147728,0.0481667494259514,0.0268460487850593
1,2000,486,0.035110695398854,0.0966927021175508,0.0499667220915825,0.0312373357744355
1,2000,487,0.0363629900001752,0.0942310462871043,0.0360239132225437,0.0272647181816823
1,2000,488,0.0326866519387152,0.0932888625836308,0.0455312809014745,0.0308165913690055
1,2000,489,0.0361862773001269,0.100769055753984,0.0393723357089484,0.0244117358952234
1,2000,490,0.0349663052914095,0.101289891770517,0.0478555801594789,0.0253074088144654
1,2000,491,0.0371499470104759,0.10426052236654,0.0511558262256704,0.0261571569409491
1,2000,492,0.033209053762391,0.0979271840659957,0.048433678017586,0.0330877708833361
1,2000,493,0.0335359941457214,0.0977532722879837,0.0521779752814084,0.0332281172584825
1,2000,494,0.0338917434325419,0.100673801384156,0.0479816083281472,0.0249013240090492
1,2000,495,0.0320365701780703,0.0953314694235621,0.0474784392683405,0.0205868586947733
1,2000,496,0.0355188116759608,0.0986648773852943,0.0392219804313567,0.0234403124935887
1,2000,497,0.0348338722039283,0.101359642838535,0.0502210255825117,0.0397264100097514
1,2000,498,0.0336218345280543,0.10279848411542,0.0426974676202136,0.0261973732743779
1,2000,499,0.037158108086299,0.102400777670924,0.0453955982624248,0.0259324375893337
1,2000,500,0.0360926987562595,0.0948100626746013,0.0457292058617202,0.0215745725847887
2,500,1,0.0257857535335329,0.329957353229094,0.154158508936612,0.117440477179893
2,500,2,0.0245867537321895,0.331196512803055,0.144701371921753,0.0984089681493185
2,500,3,0.0253437902044389,0.342697533998158,0.151337850824887,0.102896688050751
2,500,4,0.0249162008077122,0.325338169163783,0.134832066694469,0.100997651605158
2,500,5,0.0273034424359497,0.331750071567111,0.123489109130257,0.0655247210993513
2,500,6,0.0275393360914529,0.326060160281593,0.132387322084682,0.0732414560593351
2,500,7,0.0285914285014417,0.329400128026597,0.14418242864644,0.0974287256905226
2,500,8,0.0225144567615214,0.344424743570615,0.167150924453551,0.102264660836272
2,500,9,0.0359345162767208,0.328119415465888,0.148485397157745,0.103772961227192
2,500,10,0.0201693480711302,0.325278184985189,0.160383003076249,0.151027485759987
2,500,11,0.0298356561727626,0.335409627361401,0.147161749198467,0.12009516712922
2,500,12,0.0302891262420779,0.334668582364394,0.162697946138527,0.100722894003248
2,500,13,0.0267645415762994,0.331927456149937,0.142634916389741,0.0833395334091203
2,500,14,0.0354049971261994,0.322007644799814,0.175356137312693,0.111112730651061
2,500,15,0.0273982155420074,0.311538630850816,0.131790576293943,0.0957135249212036
2,500,16,0.0251993322180433,0.336180791471383,0.166795312358321,0.113347200472281
2,500,17,0.0281150999058783,0.331175416663047,0.161803406055083,0.0796599328401519
2,500,18,0.0259164528838085,0.325549407814501,0.160344654254021,0.109345090744511
2,500,19,0.0291562529305556,0.341705405819106,0.140178878165894,0.114179533521467
2,500,20,0.0276449703977248,0.326096358293388,0.147291453449462,0.142878745383915
2,500,21,0.0354788533509496,0.333288274834997,0.161591597455304,0.112304677413434
2,500,22,0.0375393350083131,0.326859519640448,0.140300685403935,0.0810226615295608
2,500,23,0.0347836390034604,0.334356879247007,0.142936588858479,0.116254408962723
2,500,24,0.0254719349265191,0.321970476670962,0.118660285184162,0.113594031142134
2,500,25,0.0299406437950673,0.325603400576641,0.136181397948541,0.130988043605289
2,500,26,0.0227662401889461,0.322923227187909,0.161419834537885,0.0571696665496835
2,500,27,0.0385866109469561,0.332806435972478,0.149431929516729,0.0954591683449681
2,500,28,0.034718177937598,0.328280989450008,0.122678037764754,0.0878048329069665
2,500,29,0.026581684674603,0.337244004574639,0.146107309878904,0.124799934400505
2,500,30,0.0237708466547002,0.328930559216575,0.148438742029851,0.144936879604092
2,500,31,0.035900434026682,0.328899288220195,0.184162517103269,0.131630070539634
2,500,32,0.0283786338829617,0.330424489176876,0.159996117366638,0.119425733316859
2,500,33,0.0297816803829469,0.330898589891824,0.157315776435256,0.0947073084504715
2,500,34,0.029564201997788,0.330553136193671,0.158248707126811,0.102968229682852
2,500,35,0.0263601949417693,0.328018563163471,0.180698703830586,0.104350954042535
2,500,36,0.0410630021036587,0.324624716341136,0.139020723809367,0.0895761979791843
2,500,37,0.0414519653092997,0.329606938585363,0.114492887469722,0.126335424008641
2,500,38,0.0275364288110505,0.335101029918329,0.15210493510259,0.136889489126468
2,500,39,0.0243746279561148,0.331589091118859,0.135323815425164,0.0979647624434743
2,500,40,0.0292725556450113,0.322242070542153,0.154930109047097,0.115773203000702
2,500,41,0.0315507595195696,0.330063153481934,0.151044108068592,0.100864412838488
2,500,42,0.0346554295007084,0.335344474260437,0.172083079478227,0.10982671612327
2,500,43,0.0263874255466496,0.33380726044999,0.134287998148611,0.0788031559790352
2,500,44,0.0247223665297125,0.330377001202424,0.153325853981046,0.100048038639422
2,500,45,0.0229014803233387,0.326153050859082,0.172867850273087,0.158310953936703
2,500,46,0.0268318092568485,0.337434332321481,0.130108896492962,0.108003027483562
2,500,47,0.0373652019456452,0.331731716636395,0.123794143261695,0.131413505334116
2,500,48,0.0474746062716662,0.323842635640042,0.105835034406544,0.14929274254771
2,500,49,0.0237842717083738,0.330559578953529,0.141179067281386,0.54598260683385
2,500,50,0.0243293622759742,0.328285918892005,0.13715441664293,0.137354194095675
2,500,51,0.0298029875741086,0.334084165863385,0.162841749803987,0.0635847790904134
2,500,52,0.0336318676404692,0.323280231187716,0.149967912556489,0.12595055018528
2,500,53,0.0328848656872771,0.324516952040746,0.146151648188967,0.132690990235047
2,500,54,0.0245011434671669,0.331943325590929,0.155963990382483,0.142953633141376
2,500,55,0.0244818796972022,0.328828594560576,0.133414995090348,0.0899932205172722
2,500,56,0.0361719485929255,0.323242931752206,0.14724165655478,0.120024964683005
2,500,57,0.0306590603112005,0.329533824471786,0.13153561705637,0.117320367915782
2,500,58,0.0291508471738096,0.33523101312494,0.168148305286415,0.117055575913586
2,500,59,0.0235731323852892,0.335956682596376,0.143511254256344,0.0825429706337948
2,500,60,0.0300459486779407,0.322696277023723,0.179811468908811,0.114171142651217
2,500,61,0.0233234363372707,0.320473587253312,0.126748387346399,0.075439777623916
2,500,62,0.0204532141851095,0.325733744218757,0.12336162998585,0.0512703745632259
2,500,63,0.0212372948704274,0.325726703828974,0.148234329333359,0.0903504770577916
2,500,64,0.0268065686663856,0.313232979768769,0.152141258598397,0.0824961614200845
2,500,65,0.0321681999241483,0.332896824921218,0.142155071962251,0.120793960935178
2,500,66,0.0353202488716025,0.323760324744652,0.12280900653672,0.0881576121974341
2,500,67,0.0241838186268541,0.328417261849065,0.152779348329092,0.086153816837488
2,500,68,0.0225267987917437,0.317170458462698,0.141454372996219,0.137924455850772
2,500,69,0.0289130113195877,0.32325542832546,0.12909329201761,0.124176364670036
2,500,70,0.0214912778705965,0.335550887676646,0.147007880844811,0.0783115010550772
2,500,71,0.0284928495520236,0.340015543436226,0.155862549953249,0.0791810900895289
2,500,72,0.0355546860199281,0.338357626514177,0.173272094053865,0.114378349453281
2,500,73,0.0392587498574535,0.323489087335788,0.124524345575436,0.107765494617916
2,500,74,0.0241893033387204,0.328571460698546,0.159734540072736,0.0867156047012634
2,500,75,0.0245331906623083,0.32642890369951,0.155841434794152,0.0848785729727277
2,500,76,0.0238271880158705,0.327730648639532,0.139664815344106,0.0694291843425816
2,500,77,0.0262987581827585,0.319899861025342,0.128905247867599,0.0654823554838906
2,500,78,0.0270997447441719,0.336965573803711,0.167206434207942,0.0866646013673444
2,500,79,0.0368564434063183,0.324213673134172,0.132068087456282,0.10651273175674
2,500,80,0.0269823365290947,0.331327960015739,0.128145606641424,0.079234561523861
2,500,81,0.0245456344982629,0.328371641714993,0.162170927599371,0.545658527416688
2,500,82,0.0351328578319314,0.328992646848966,0.135839390403351,0.0981913512971611
2,500,83,0.0231380149128346,0.32778703632925,0.128907682770295,0.131554268797014
2,500,84,0.021852585154243,0.32529881581805,0.143415715325124,0.163657286503674
2,500,85,0.0295437715966338,0.332714372136846,0.119752681596581,0.122293481675001
2,500,86,0.0199040801998474,0.332440712908888,0.133011957651245,0.0885495863244141
2,500,87,0.0269876639071522,0.340985901851502,0.164889185775587,0.0951313679677159
2,500,88,0.0341801039988436,0.331957611953361,0.181583010419814,0.0904743582639238
2,500,89,0.0416507960272747,0.332423361516773,0.159060547481285,0.0999247543325923
2,500,90,0.0230814708052309,0.330929315492998,0.151331375747962,0.11809519558728
2,500,91,0.0287143982196432,0.322244396794925,0.135191907468816,0.11516654172536
2,500,92,0.0199522665193663,0.327298207970452,0.166309716195522,0.150079755078375
2,500,93,0.0362549668631809,0.341223757770938,0.17691081158571,0.0994878582803165
2,500,94,0.0316875090749922,0.325410295664598,0.139730521167059,0.107077991235695
2,500,95,0.0240343310380433,0.339783473475232,0.177089422345739,0.0888138025248371
2,500,96,0.0302925555517308,0.334382899716782,0.168871476622352,0.113027769531207
2,500,97,0.0367931333109073,0.339595443824041,0.128611052069159,0.0924162250901726
2,500,98,0.0241630421698438,0.332066085286621,0.159062508028732,0.0608005600965422
2,500,99,0.0322461857120468,0.342461782231112,0.173186993880654,0.110574286613834
2,500,100,0.0246238030310495,0.331846873926743,0.145005769980191,1.14949129238464
2,500,101,0.0238079936893623,0.323410415859884,0.120155509286019,0.11703322942913
2,500,102,0.0321510103756559,0.327787660737842,0.136811655861026,0.121708280857873
2,500,103,0.035110170501208,0.318443955628028,0.142433793706538,0.102008147486785
2,500,104,0.0283414560858555,0.33068024554104,0.139779721924987,0.105066255126862
2,500,105,0.0257736896273899,0.32519901522784,0.144155515917291,0.150746696477774
2,500,106,0.0255660775842403,0.331537136543647,0.16386556805882,0.095370559806889
2,500,107,0.0244998709393551,0.334491504127579,0.160841348528091,0.0807821736193901
2,500,108,0.0344612249174714,0.335026273556655,0.174963885428758,0.131963562050933
2,500,109,0.0238662029110792,0.325989898152667,0.123588548287647,0.112262758278373
2,500,110,0.0259792838756248,0.331268173514788,0.178101535132031,0.0940773956755474
2,500,111,0.0322488786853632,0.336993787233709,0.148340451827621,0.120160694406454
2,500,112,0.0257331471362021,0.332686665960922,0.150139196823864,0.115904598072515
2,500,113,0.0266756344135863,0.327152084742437,0.118672584925681,0.127894190173575
2,500,114,0.0309485476621694,0.324705031340177,0.135198267594409,0.0945084492867183
2,500,115,0.0287040403263055,0.332205026492457,0.151250809554696,0.108308615016304
2,500,116,0.0356457344607792,0.330621387067588,0.161898249405074,0.114804868617407
2,500,117,0.032489598136312,0.329927734229527,0.128704654925577,0.12627263673053
2,500,118,0.036816331021746,0.326542088812651,0.192557730543348,0.104832946674829
2,500,119,0.035981511405782,0.321351985926158,0.132743657178575,0.107332076802544
2,500,120,0.0374286687176231,0.342834118170896,0.144588435200584,0.0673448192500916
2,500,121,0.0289949895245345,0.325575788430757,0.126036025340628,0.0928438905426143
2,500,122,0.0343032382314166,0.33181831340911,0.156673381518538,0.122665654737436
2,500,123,0.031796518894589,0.327364337103651,0.11955472986717,0.11155846529319
2,500,124,0.0226199934198372,0.322950429634342,0.166060960428494,0.0725412598156754
2,500,125,0.0280539080970026,0.324970640523744,0.155037979200554,0.0958618078149658
2,500,126,0.0437135732800478,0.322334943528421,0.154252194450942,0.124439139321103
2,500,127,0.0276949100295822,0.325476422006898,0.14043712652488,0.0792570021399195
2,500,128,0.0259760763905057,0.326943963103561,0.109795891840252,0.135015231898425
2,500,129,0.0271033998852246,0.329683557683844,0.136345353065263,0.0916190371189103
2,500,130,0.042326365240051,0.332338728760017,0.158102594675045,0.0852356201820199
2,500,131,0.0234527171632766,0.330865139828595,0.168106277231991,0.129578416043216
2,500,132,0.0318348549638716,0.317699787253193,0.1396155619094,0.0737980244657563
2,500,133,0.0301302250641997,0.332353731275641,0.168153128653298,0.107226326812613
2,500,134,0.0299059211699395,0.334404380732481,0.174152777635419,0.107476645947104
2,500,135,0.0255267283162131,0.328472992342836,0.150036314412217,0.130813779754768
2,500,136,0.0272598785111708,0.34293157389207,0.146056779260672,0.0712139175662834
2,500,137,0.029974300176296,0.317222209569488,0.128614127091829,0.101572365084701
2,500,138,0.0489454148236117,0.333324884323839,0.124947830996208,0.11794922114596
2,500,139,0.025871002017946,0.325376723531434,0.127349431342065,0.0792332505791888
2,500,140,0.033726476641222,0.327815078637275,0.138452350276955,0.10781359191617
2,500,141,0.0248851263396495,0.320223236478934,0.125468454122175,0.100900684672071
2,500,142,0.0398526777397845,0.333390458551645,0.125239211057786,0.0969519047525584
2,500,143,0.0258393694595569,0.322141202835197,0.134148353896027,0.0855110603437375
2,500,144,0.0363942861970878,0.325565049951333,0.129509884886013,0.11931682015849
2,500,145,0.0241143018793786,0.317212978470367,0.128031538123677,0.103684802068894
2,500,146,0.0232967332015475,0.329466737230562,0.145527559231698,0.0873827860772489
2,500,147,0.0293359279611123,0.331137812144796,0.164712702612407,0.0917459243228358
2,500,148,0.0310988770844165,0.334315766395245,0.167935997787671,0.0788443161425423
2,500,149,0.0301057013462298,0.328778021577643,0.138369192206601,0.0843103138894874
2,500,150,0.0373672935941014,0.326477490275455,0.132204686674005,0.130986822694467
2,500,151,0.0334496804862203,0.32686353378847,0.158170164369055,0.0901591163258377
2,500,152,0.0220690772986603,0.334236297704805,0.1479348193131,0.119796693160427
2,500,153,0.0395472847803611,0.336468771019273,0.108359717171406,0.0730401377425838
2,500,154,0.0347394289624297,0.336873556235966,0.133103759270009,0.117761411146774
2,500,155,0.0373951673448119,0.328807502929803,0.175993731914359,0.0450888915062164
2,500,156,0.0429068647737658,0.338807035668597,0.147694459431429,0.149183322680314
2,500,157,0.0236181356866552,0.322940405294817,0.131716572433454,0.0867727308475439
2,500,158,0.0501740608801831,0.32172956957533,0.14534470734058,0.120494611983191
2,500,159,0.0359415621183974,0.352826498760115,0.158858640755376,0.101812957407521
2,500,160,0.0520542761379688,0.325180502336367,0.130834968911463,0.114804795440396
2,500,161,0.0245019363508907,0.336846957905137,0.145864536091221,0.10207966449439
2,500,162,0.0288219976389505,0.328865710844895,0.159778822004196,0.0751561868138817
2,500,163,0.0481733503367443,0.317556735399188,0.176498815347851,0.129806473098555
2,500,164,0.03469203781917,0.327710869889804,0.152858312981959,0.106618622889309
2,500,165,0.0292402391497746,0.337196762560478,0.146923002500303,0.243963606363838
2,500,166,0.0243693482661811,0.322974026026547,0.152065748792875,0.0677910063963501
2,500,167,0.0286777246805623,0.337858485111992,0.12889207884407,0.0933363010167059
2,500,168,0.0226483097398327,0.328604479919978,0.162929172069296,0.153507516970184
2,500,169,0.0330664076640532,0.327189689061689,0.145531693289426,0.0873671657863544
2,500,170,0.0292236175304432,0.326924057327947,0.171770153331064,0.13346546781253
2,500,171,0.0227471184844505,0.322250620507783,0.151445326491824,0.112870648513747
2,500,172,0.0351042453555042,0.333419542356049,0.159534757192745,0.116258048430381
2,500,173,0.0296719096782903,0.324431850947546,0.163997308264583,0.112772129139004
2,500,174,0.0258525259658526,0.325963173955039,0.147632904355725,0.138776472834444
2,500,175,0.0285456330990095,0.325821232099284,0.129859795616952,0.145189577738616
2,500,176,0.0240451039882728,0.334618911971193,0.158387119868111,0.117863251495785
2,500,177,0.0375843770082862,0.334467101839524,0.150433689056778,0.132803061835152
2,500,178,0.0386486401806367,0.325024539409426,0.136608662284444,0.118465655412304
2,500,179,0.0221499820170044,0.321546468862395,0.140831906094623,0.0912284770380358
2,500,180,0.0419822985413481,0.329156641809486,0.129439097571578,0.100751717944157
2,500,181,0.0251664332523511,0.332948250981544,0.140200098530782,0.15311953781434
2,500,182,0.0422411994281757,0.334623691940734,0.156426552639968,0.13627604498225
2,500,183,0.025446029422894,0.326168120203625,0.151856830059486,0.088782623440431
2,500,184,0.0309712313150732,0.326023234149807,0.164704978377614,0.106476424963707
2,500,185,0.0311218540568434,0.327969182712515,0.138538211597313,0.0927296293659603
2,500,186,0.0250791755318254,0.339514724186763,0.152067345049918,0.0767129261146231
2,500,187,0.0246676921508879,0.317357932036596,0.124895114621018,0.0912942948199527
2,500,188,0.0290548633698502,0.326882702947004,0.164578386838813,0.114354048830243
2,500,189,0.022206981054373,0.322861175684334,0.13918964809088,0.0758125810184189
2,500,190,0.0287148321583925,0.33092170948386,0.161780384325017,0.0841236961932561
2,500,191,0.0245407977099423,0.325735689313368,0.126222858691569,0.0982006113673195
2,500,192,0.023527199363526,0.325165590406564,0.132041515820422,0.132078691977415
2,500,193,0.0309389931502446,0.321958935543823,0.132429706558179,0.171890127442822
2,500,194,0.0361167805859304,0.33691677902868,0.13870789075069,1.0637272960521
2,500,195,0.0326755676047923,0.330778577288046,0.142677887421275,0.104312698783899
2,500,196,0.0452649318698526,0.322568088475968,0.149099407997979,0.0874328888035121
2,500,197,0.0381869776815094,0.318427248048499,0.136488959058103,0.119287259367864
2,500,198,0.0248382813683161,0.326151860612355,0.155091298792595,0.105171430389245
2,500,199,0.0251175017266281,0.332834523937168,0.167473585856107,0.062109394267756
2,500,200,0.0236086829239792,0.332794942448514,0.186020360254397,0.0926253161979045
2,500,201,0.0512266045060858,0.328414425414802,0.180125300405222,0.10981340268006
2,500,202,0.0236831487151892,0.329338882213446,0.151811372140676,0.106569579101528
2,500,203,0.0443104324989447,0.330356111590786,0.136910984491628,0.122706909921137
2,500,204,0.0250432184510525,0.334064788634953,0.154434192805448,0.0690039453071074
2,500,205,0.034297564340495,0.334269543277304,0.138688078090045,0.0874766968094656
2,500,206,0.0225239435083979,0.329488469846371,0.148811696441181,0.591689293418451
2,500,207,0.0218993902939655,0.327281156915489,0.137363715418759,0.158128977394776
2,500,208,0.02634936814195,0.317031654060722,0.144886303812825,0.115518369462357
2,500,209,0.0280777096914722,0.326231824571124,0.106222466111673,0.100286426442987
2,500,210,0.0326506088257037,0.340243491333046,0.176611418401585,0.0918289472169487
2,500,211,0.0325560253793762,0.354322976329528,0.162269490649974,0.116219157612035
2,500,212,0.0245806434584539,0.322215387420782,0.162170505815003,0.113720122053679
2,500,213,0.0314229839618292,0.314194003206718,0.13103935083232,0.0941686477086472
2,500,214,0.035810210296064,0.328174773285439,0.157996350670069,0.0948307913474873
2,500,215,0.0329082215642482,0.331657426146578,0.141650143067848,0.073465818939944
2,500,216,0.0308216917111068,0.325907161349021,0.114609491896636,0.104440675836282
2,500,217,0.0285797726111534,0.334402486807225,0.166721792933269,0.142711086758423
2,500,218,0.0231459182737919,0.326275658416217,0.150221439576022,0.0745337277384097
2,500,219,0.0250285081786101,0.327978680845269,0.133474413830915,0.0917486799014067
2,500,220,0.0343638805059652,0.343739140128711,0.123001608632512,0.100090152660767
2,500,221,0.0389773076814128,0.323933298032882,0.125940724209875,0.107777941288645
2,500,222,0.0317623222901644,0.328962065539217,0.1450785932029,0.0895246690203042
2,500,223,0.0377541119573854,0.326250516005477,0.165196056699642,0.129151989164738
2,500,224,0.0272014881247968,0.326119060983697,0.134562026522024,0.117277269388092
2,500,225,0.0352059265959119,0.333438265373333,0.12081900151954,0.0634351808733078
2,500,226,0.0268040271769376,0.334552045363372,0.118064763197246,0.101685218890417
2,500,227,0.0315280114977776,0.346015924550428,0.138649327541474,0.0941372922125008
2,500,228,0.0381396363472954,0.324657688321218,0.179475945804455,0.122807267789669
2,500,229,0.0366569530536554,0.32261179452531,0.145435614291345,0.119181039385029
2,500,230,0.0205458816376476,0.328953859038557,0.143147653930275,0.102107450468966
2,500,231,0.0261316243392022,0.324445162595932,0.121625865250171,0.09073367634133
2,500,232,0.0219414294249562,0.326009014213305,0.14868577299292,0.108136649230805
2,500,233,0.0298862895778449,0.330636058834896,0.158248361668234,0.0845534861791004
2,500,234,0.0363816397046879,0.33657611533078,0.147189330942094,0.0771540518383609
2,500,235,0.0314817698687964,0.330967458552483,0.151146183787284,0.0705016774171821
2,500,236,0.0306651517361995,0.338156755825627,0.136846310353663,0.133199775304545
2,500,237,0.02335853720615,0.330962546288439,0.170163653336643,0.106343401439036
2,500,238,0.029318025245743,0.318942475026264,0.12274496012012,0.0999403221319308
2,500,239,0.0237009991184425,0.339493157591513,0.152783087935959,0.0750017689644233
2,500,240,0.0335634278956376,0.326668163104144,0.138096923401577,0.0886883988364831
2,500,241,0.0276707141688111,0.326735994375243,0.155033801788316,0.0784534798953012
2,500,242,0.0287930620298791,0.325774653856949,0.157507498849315,0.116246024070976
2,500,243,0.0302599927267964,0.333771778103308,0.152418642954495,0.108550476382341
2,500,244,0.0324500367526261,0.328890664291732,0.15233645032376,0.0960721407541127
2,500,245,0.0232006012506327,0.322962447754316,0.147816259426225,0.0966081909215954
2,500,246,0.0387626958571019,0.326742590016873,0.135242259815087,0.133982479499826
2,500,247,0.0274856536989487,0.336849868222566,0.147399613124165,0.125162833134214
2,500,248,0.0280762292394894,0.330422443989281,0.127275380185738,0.126949649722352
2,500,249,0.0276689963301111,0.327216018206935,0.157071494680047,0.0953861746130584
2,500,250,0.0253430062072033,0.326535802194133,0.148133227258677,0.183235488007879
2,500,251,0.0271735232986869,0.335718588054541,0.18088518854299,0.0733843420415647
2,500,252,0.02141424414205,0.329008710295303,0.135084870861465,0.140351614490454
2,500,253,0.0275598934648329,0.328960837810694,0.141891935015052,0.100778825810689
2,500,254,0.028031824382702,0.322347388958045,0.173527617252154,0.120770810798996
2,500,255,0.0261549352469228,0.328311382217862,0.152735414079322,0.0842141234249842
2,500,256,0.0282075266310489,0.331744503268686,0.138300422247114,0.0853575656897354
2,500,257,0.0217438130648213,0.320371076979319,0.119218784901289,0.130573561375907
2,500,258,0.0258548556536835,0.340857458694963,0.119176351600508,0.068875534781476
2,500,259,0.0333119085981939,0.33200857713594,0.138171819955198,0.112741685049078
2,500,260,0.0329612133414008,0.327922051670055,0.131237750521964,0.120186170015465
2,500,261,0.030701480818536,0.325180812696437,0.127800130099615,0.0877881333991368
2,500,262,0.0277749485637986,0.332668288275351,0.134457232592866,0.0981876164478943
2,500,263,0.022622307426613,0.33240338247626,0.163366818354524,0.0875313342877635
2,500,264,0.0259127166721238,0.325002941146064,0.131058814339821,0.114681791325888
2,500,265,0.0319417469012493,0.32400840996105,0.147746761066041,0.114381724340794
2,500,266,0.0286589209282531,0.33501566581608,0.161373240604298,0.108922873899496
2,500,267,0.0280488049342309,0.333044693925845,0.167194592379116,0.137066351761239
2,500,268,0.028981381095716,0.331323502907114,0.156562288411809,0.0917584209218445
2,500,269,0.0271605323972113,0.318936719961895,0.121199785800194,0.133057197669986
2,500,270,0.0385098133764581,0.331205355084926,0.121361453155878,0.134136097018779
2,500,271,0.0326630320948536,0.338899187719143,0.157806367574237,0.131737979005324
2,500,272,0.0277550830244666,0.330600400708863,0.155548392587135,0.119605978125455
2,500,273,0.0276957415550207,0.331600305295637,0.150322443221058,0.136613217479285
2,500,274,0.0230329288234492,0.321461954835301,0.140753619882054,0.110450091289648
2,500,275,0.0267864257827444,0.33265456339916,0.155024570793822,0.106511549729388
2,500,276,0.0207292103218062,0.319765116818167,0.123950634779213,0.115911728181983
2,500,277,0.0251686676708476,0.322083843814197,0.132974099615423,0.0720669572223247
2,500,278,0.0379066259662495,0.330322764498857,0.116618673229769,1.20581025775886
2,500,279,0.0391447430278795,0.324294591948223,0.142008819557011,0.111003100419877
2,500,280,0.0257072345123848,0.335308995382123,0.140003551809971,0.0507144175003995
2,500,281,0.0197815626593654,0.328671622719376,0.144560490437333,0.080361850386119
2,500,282,0.039236264975967,0.329550002533093,0.141397301460125,0.0865667735076758
2,500,283,0.0352518891155904,0.340744917887869,0.154395608430379,0.0897280562211193
2,500,284,0.0267820114788302,0.326519585626313,0.151751386558016,0.139843912211925
2,500,285,0.0313749725294166,0.331297944469828,0.106056712244666,0.0770930413015545
2,500,286,0.0316166169899068,0.336858312104587,0.15536299127063,0.138700472250993
2,500,287,0.025378267453944,0.326403134487787,0.143804105838162,0.0700320731372055
2,500,288,0.0226650898516398,0.328681427630129,0.144908114008756,0.0992081604841792
2,500,289,0.0308581196286541,0.331296693190168,0.13269032117422,0.116499311973759
2,500,290,0.0302158139101096,0.337916991844884,0.158541812016486,0.113651506647356
2,500,291,0.0271038701200879,0.322066287989809,0.13221277525709,0.151160304616755
2,500,292,0.0238712012365927,0.330321638188385,0.12451042751451,0.135331801585045
2,500,293,0.0333863836856065,0.330572720835803,0.124999982985487,0.136563985164314
2,500,294,0.0327127069832012,0.336195403448912,0.144504517590927,0.118860984963058
2,500,295,0.0295126163802315,0.327933067512554,0.144848423017425,0.0868870903060803
2,500,296,0.0244857593473033,0.322416106266973,0.157736929343099,0.099774678659321
2,500,297,0.0208838575698786,0.323323483334482,0.124439528835875,0.0703720340743494
2,500,298,0.0206376260671919,0.328460507190332,0.173381572431397,0.0819400537343364
2,500,299,0.0283743137119792,0.342081504100908,0.170660644064935,0.0842254603963581
2,500,300,0.0278994001111978,0.330931996355323,0.150937863117451,0.0637837923921951
2,500,301,0.0236665875684039,0.329581102823785,0.120842643305716,0.107010514449506
2,500,302,0.03872025630833,0.337464356540409,0.138024021357216,0.0765805699683773
2,500,303,0.0311992861705082,0.329005647644723,0.159929351440294,0.0528691202197578
2,500,304,0.0295424791578176,0.323367402933768,0.150153430578106,0.0707972717449188
2,500,305,0.0305701983529292,0.3323649713478,0.150634767607292,0.0927885633350112
2,500,306,0.022251633507975,0.325461261417286,0.126887896700637,0.0971458775206158
2,500,307,0.0276767563362221,0.322801225679085,0.15947578863844,0.0710382401900718
2,500,308,0.031663334730909,0.339783254221421,0.149308502499368,0.0611819566053518
2,500,309,0.0267281146992493,0.317562487649135,0.153859518503631,0.0816950193790136
2,500,310,0.0302423263585694,0.339445458768351,0.144778545000293,0.12532965469273
2,500,311,0.0313271136710558,0.326560547055327,0.142354363945042,0.176884384271551
2,500,312,0.0307621192366181,0.318156200911391,0.140079892356732,0.112576116275264
2,500,313,0.0402029729363103,0.326492570530125,0.147700768069793,0.139577480319887
2,500,314,0.0214437605032793,0.330421222497686,0.144478511663128,0.104876927187184
2,500,315,0.0331325503967614,0.329925378856663,0.150584455420945,0.0884144266523421
2,500,316,0.0350097209815485,0.328959295329107,0.136189423941835,0.0959667483128213
2,500,317,0.0229245586751607,0.332696839123815,0.141591740591732,0.0862696011721451
2,500,318,0.026219870393756,0.326637841220686,0.144683456701783,0.0850242444602054
2,500,319,0.0281920411565966,0.335046829181667,0.171340100888137,0.121193648611025
2,500,320,0.0225036674895323,0.332104963599298,0.153207163574744,0.108800627790053
2,500,321,0.0307817781952071,0.332874619408694,0.163014560375756,0.103317026388101
2,500,322,0.0212479067554143,0.327775314942049,0.158290456328072,0.0708255942860911
2,500,323,0.032413340161717,0.335417094705144,0.178595691078657,0.101353851028691
2,500,324,0.0249607604288833,0.335461365658367,0.125419589219709,0.116725006562188
2,500,325,0.0253226142062433,0.323234137016074,0.133630709123423,0.113068162076254
2,500,326,0.0384308631940873,0.323392225335963,0.110170761167366,0.486523248854287
2,500,327,0.0250847900477968,0.330860009050766,0.142160758968231,0.0807061390448409
2,500,328,0.0373529046345973,0.327603399922239,0.140441315762951,0.161986136928855
2,500,329,0.0282430283639394,0.32836086532717,0.151745718538339,0.0807178383196068
2,500,330,0.0284978898927399,0.319703102749823,0.154875236138619,0.117289227650343
2,500,331,0.0233168067428617,0.332834211188698,0.120485457249986,0.144347413074774
2,500,332,0.0287537710552386,0.326831665759914,0.166634993106533,0.102272195019926
2,500,333,0.032073608521076,0.329496343150599,0.12642377226804,0.107223061307278
2,500,334,0.0261952295114962,0.335016999570325,0.141450706172693,0.0875678667722917
2,500,335,0.0227969161025756,0.325166402541222,0.141724623276426,0.0869826448052642
2,500,336,0.0402764152629804,0.335314153043217,0.179603866025145,0.137849194887875
2,500,337,0.0335215966754971,0.328571999797383,0.127329140966538,0.107604115074893
2,500,338,0.0269393368588842,0.325974591843013,0.152126510127233,0.0527811545684147
2,500,339,0.0336915526827575,0.336415341401581,0.174295964299071,0.149083331346223
2,500,340,0.0270078069934985,0.323056360353343,0.178327594306066,0.095532662702752
2,500,341,0.0273850430716083,0.320164438405707,0.125688582780831,0.0837186714887215
2,500,342,0.0233646610491876,0.319762317810963,0.120224844428697,0.126220782797453
2,500,343,0.0256759123606238,0.324472592682152,0.124700190768387,0.108349851343603
2,500,344,0.033070957949078,0.336335938735803,0.147085133330481,0.0605681064598529
2,500,345,0.0311360917028509,0.334558172493633,0.152461516057737,0.12134657358851
2,500,346,0.0286588965289096,0.327947990163842,0.161143178979011,0.0936304870645521
2,500,347,0.0345701883662073,0.325555417411109,0.137942840863022,0.133136149442775
2,500,348,0.0304126001674334,0.323444759924143,0.148253783748761,0.0927173626702857
2,500,349,0.029621195826842,0.327065010288118,0.148768190529149,0.107403270989279
2,500,350,0.0311223367579048,0.33579633392171,0.149410743545681,0.648497483593721
2,500,351,0.0287319437123463,0.337940072454912,0.162843338662608,0.106294078077624
2,500,352,0.0433895874105348,0.326453692607956,0.135863722019091,0.114825259590341
2,500,353,0.0322528049941464,0.339065667725454,0.176543694400954,0.125464536882968
2,500,354,0.0375715122201401,0.328492437120876,0.128483384334095,0.101846236360406
2,500,355,0.0287882617516417,0.329991156932589,0.136300173522767,0.138790283824576
2,500,356,0.0337712723323511,0.329867745060403,0.123842120390908,0.102596078322418
2,500,357,0.0325825448754433,0.336171647946672,0.152001936943865,0.0857120250712167
2,500,358,0.0260035613547966,0.324585925946713,0.142679335241343,0.0827463797333501
2,500,359,0.0363657436095941,0.330598235620049,0.133047615210664,0.122428121514644
2,500,360,0.0247060702949711,0.335800879429732,0.158719450629865,0.116827337075277
2,500,361,0.0384904208754036,0.333711124807264,0.182717908208576,0.122517332621828
2,500,362,0.0304193412065952,0.323479996936123,0.156252471654543,0.103918522625652
2,500,363,0.0321013791459959,0.326598494661716,0.152173025887431,0.0899010354135392
2,500,364,0.0237812845338758,0.335990319877701,0.176976379982871,0.0887123547539352
2,500,365,0.0243626787668649,0.352389432719136,0.176191688656653,0.0977054921673466
2,500,366,0.0259315280508019,0.33728910388193,0.144731068430273,0.145737167086321
2,500,367,0.0282695042970125,0.328159498178963,0.11791736188239,0.0929922705938717
2,500,368,0.0402664961596886,0.330585572462203,0.168221485332258,0.116417254887534
2,500,369,0.0208852745180066,0.322366557799836,0.146935350250469,0.0932138999618839
2,500,370,0.0324487987339748,0.330116194504348,0.155599022651121,0.116161616451539
2,500,371,0.0434311450894997,0.344680505798278,0.152212971361909,0.144906669179014
2,500,372,0.0203652657877242,0.340817391636727,0.157700084625395,0.0914865626919881
2,500,373,0.039582789696879,0.332354545982489,0.151040978806029,0.132351745407443
2,500,374,0.0226184987888864,0.32971954921611,0.135031222566669,0.109458731314033
2,500,375,0.0298689599385806,0.330313842076152,0.176089946191463,0.171088740540873
2,500,376,0.036816711087853,0.328335051019978,0.150751207706847,0.0893050794886892
2,500,377,0.022019569891313,0.321696665508045,0.13157938025733,0.0938620410172586
2,500,378,0.0330555293436683,0.327611151275757,0.135553799677307,0.0930648641599037
2,500,379,0.0222286875762256,0.328534943635447,0.139458127552097,0.0739284340935578
2,500,380,0.0218572170506235,0.317606339671719,0.155136271455315,0.0831004649396012
2,500,381,0.0338634843727812,0.330565700857974,0.1678835478608,0.113940186256434
2,500,382,0.0231299145531185,0.331544939211438,0.123981422543695,0.0617940924436242
2,500,383,0.03201325825854,0.322915656439655,0.136697406915297,0.126887479261636
2,500,384,0.0223907879693503,0.323023582413406,0.112521229968942,0.0879168410708489
2,500,385,0.0347941743722784,0.335167749110801,0.135467746068222,0.0965530466678932
2,500,386,0.0321342153644464,0.325147201032105,0.110241656480745,0.0987723119767592
2,500,387,0.025282566984925,0.325484602111978,0.154274648456755,0.076202063928041
2,500,388,0.0295863690680089,0.321344773675552,0.154074129643445,0.097738408280839
2,500,389,0.0278676452415583,0.324192528622696,0.157660781943866,0.0739404818347333
2,500,390,0.0334646547301458,0.340006971448671,0.138798749142201,0.094993420246656
2,500,391,0.0277594646143104,0.343216943549646,0.152332793423415,0.0825464686394934
2,500,392,0.022720161018567,0.330208276355433,0.15219583678931,0.0847165780291601
2,500,393,0.0218107514572543,0.338136556229818,0.185989008144634,0.115870640205342
2,500,394,0.0306332144536716,0.324850932398325,0.132287219814794,0.114585578578168
2,500,395,0.0234231045930651,0.324116783239555,0.139708084733934,0.132535274532904
2,500,396,0.0274967208207035,0.329406196808516,0.169904629133899,0.110424358633626
2,500,397,0.0328344042697342,0.327308319353175,0.148968904116527,0.0964193247830196
2,500,398,0.0321924155818645,0.331132147739324,0.137584621402596,0.151613761823314
2,500,399,0.0244667015101927,0.336109293069354,0.128371543978197,0.100958092876231
2,500,400,0.0356120635173107,0.346230914658148,0.135507172889965,0.11708810355149
2,500,401,0.0285583947262704,0.331205852857304,0.150183891576301,0.0934719928082299
2,500,402,0.0253542324055356,0.31811707650326,0.169556141143896,0.0872372090705564
2,500,403,0.0325107543604415,0.327127870406674,0.147797953819831,0.131996132858925
2,500,404,0.0235747964046507,0.321194825930002,0.118067589327033,0.0974829134496671
2,500,405,0.0221935694739122,0.32596108015859,0.158946782314919,0.117592196137677
2,500,406,0.0306545805887535,0.328506400395289,0.114687888751601,0.101025370364626
2,500,407,0.0233809333935118,0.329002233302068,0.157238060269405,0.0882943865124965
2,500,408,0.0275306114099392,0.332155393066637,0.131907645489485,0.0955175678109159
2,500,409,0.0367920750231199,0.325231248209072,0.109523312336566,0.117897303321667
2,500,410,0.0359962103118578,0.332466468627248,0.173846217541585,0.102374568582628
2,500,411,0.0429580664581681,0.333923309664653,0.134121646147062,0.16628124130302
2,500,412,0.0290477218807863,0.325759661288245,0.162438820162661,0.0768833441348358
2,500,413,0.0289953163560661,0.320408386554169,0.141716484604045,0.0897117689044522
2,500,414,0.0201761024417089,0.32673270350779,0.138886526724208,0.101888750012228
2,500,415,0.0284492399620213,0.324422098320566,0.165857229204445,0.0703494725186253
2,500,416,0.0314918520959764,0.323857600629703,0.153415418874562,0.0848346701066409
2,500,417,0.0288368654490985,0.332595190514881,0.126070640382471,0.134187577289886
2,500,418,0.0277498515003005,0.333461928183969,0.147982759596501,0.094345796450976
2,500,419,0.0314793197278591,0.328402169060413,0.137492896799006,0.100071065648646
2,500,420,0.0323787818537,0.327643582805661,0.163958590911682,0.0592961280938458
2,500,421,0.0220344634411098,0.330278547138513,0.171364692586871,0.105399778946799
2,500,422,0.0335285663566784,0.337517480957626,0.190067566446326,0.117416235235086
2,500,423,0.0237363272490996,0.331747495291087,0.130368440344323,0.0641539215360354
2,500,424,0.0235988465481767,0.336649533830466,0.13692061931477,0.0709871595889446
2,500,425,0.032051491953222,0.3256877353553,0.163143309322995,0.139806535388125
2,500,426,0.0278715719092035,0.330653122793227,0.111308436220352,0.0640681295770664
2,500,427,0.034338644933529,0.33239330847887,0.181847932512693,0.096677509010785
2,500,428,0.021910137563989,0.327165956648635,0.15826843427295,0.0729117797102354
2,500,429,0.025807104513192,0.332370400622233,0.166425988395694,0.1270220940556
2,500,430,0.0253404790013199,0.325474332413352,0.144750670170567,0.086752824864845
2,500,431,0.0377760602210402,0.319863099206895,0.153512271823782,0.10696960322667
2,500,432,0.0298140393776258,0.332699253396951,0.154376144817328,0.0603673345144389
2,500,433,0.0280089455431611,0.321383094804879,0.154825030469065,0.0957207192747382
2,500,434,0.0333505376053735,0.331308549349279,0.169555925741826,0.0956670546799983
2,500,435,0.0281242469694707,0.33180101352356,0.150915695097335,0.0862648636487733
2,500,436,0.0236798544096037,0.337494643817869,0.158649028117978,0.0755112331787968
2,500,437,0.0204529253383907,0.324524381480523,0.135899420996405,0.0741119580829699
2,500,438,0.0197296173957917,0.329421129032371,0.142562154031612,0.0918790969928596
2,500,439,0.0357618731710345,0.330871075133956,0.158094144571092,0.153548590812019
2,500,440,0.0225638409874862,0.334772034369148,0.153803206248193,0.0855189924617479
2,500,441,0.0259214083703443,0.328445209847809,0.109788220144335,0.0717501153173048
2,500,442,0.0487925593700984,0.330458181242529,0.150406574529663,0.137839624785955
2,500,443,0.0213565194733325,0.321165832054125,0.142495995486853,0.0963354203780928
2,500,444,0.0314863029280736,0.331832688042114,0.176628192333001,0.0733268667407632
2,500,445,0.0361248412372257,0.337515162069768,0.13733011671779,0.135666572271587
2,500,446,0.0274272363725132,0.331721503618434,0.145801656278993,0.135696815782181
2,500,447,0.0283601301997793,0.32482422801936,0.148080046056447,0.113881900988894
2,500,448,0.0271038432215029,0.321291180150506,0.127121123562009,0.0935726005362676
2,500,449,0.033573859198347,0.329077383072824,0.165728968011359,0.10141842194964
2,500,450,0.0257571823615896,0.321618738587119,0.120803497209644,0.106258483611987
2,500,451,0.0225805085565449,0.320253424936302,0.111690916800997,0.0671573701767871
2,500,452,0.0327542360561597,0.320539809380418,0.144411345972757,0.0740739767834988
2,500,453,0.0273583790547571,0.328543673043231,0.144188708603868,0.0963213198598636
2,500,454,0.036994987274463,0.332221850628763,0.142625602586663,0.103824977583029
2,500,455,0.0268564232887498,0.331392739543267,0.154996503390071,0.11808292669979
2,500,456,0.0263816815298201,0.34866493313051,0.149274052624871,0.102060132836486
2,500,457,0.0336005203927383,0.325973690381271,0.167332207265446,0.0851111965865949
2,500,458,0.0293640563945277,0.319352795958326,0.169410304746084,0.0978151942031356
2,500,459,0.033089408464942,0.331819384519474,0.17078715590621,0.10143352202484
2,500,460,0.0400066554653573,0.328830193848796,0.159944950796969,0.15088810595971
2,500,461,0.0412065096542558,0.331711909109043,0.118956015366567,0.103220732210608
2,500,462,0.0468169746946172,0.327575224918734,0.142172690184645,0.100756917380679
2,500,463,0.0235469321017046,0.321227349679136,0.14686465937787,0.0849441055175593
2,500,464,0.0407108023784717,0.332343607723967,0.16733236231354,0.136535821274991
2,500,465,0.0273271480937551,0.33190618930393,0.158984751569808,0.104786721932236
2,500,466,0.0288827449546927,0.330063899603179,0.129726756796439,0.105645242713584
2,500,467,0.0300277939388236,0.335548297220305,0.123323854740141,0.106700521887077
2,500,468,0.0411162085464869,0.32642657276483,0.181627853699734,0.115505861088435
2,500,469,0.0262775885495241,0.33056250724523,0.14347314290989,0.0757426068867209
2,500,470,0.0352609886232134,0.3366363142127,0.158140356133388,0.111779304916156
2,500,471,0.0236829091274537,0.325866187162343,0.148578534735392,0.0816614751282285
2,500,472,0.0243902728524674,0.342894242128198,0.136437038121772,0.0911423278941843
2,500,473,0.0388851329120559,0.3490013656578,0.1358474634999,0.0927528468498913
2,500,474,0.0304463267711592,0.323906972697291,0.145151615698826,0.113818691272984
2,500,475,0.02537343824042,0.325172135038248,0.157496107250836,0.128936933025662
2,500,476,0.0316883676933311,0.328774856796777,0.140675938668945,0.124652881250086
2,500,477,0.0513171157165875,0.334686874769698,0.170382283670605,0.131676680551529
2,500,478,0.0379352121531304,0.340718744640622,0.169387935763776,0.134199345470016
2,500,479,0.0309208449330087,0.338451559505525,0.147308452447324,0.0713107991310356
2,500,480,0.0271523057771075,0.323714267367516,0.133598363754648,0.0720849737784879
2,500,481,0.0302948988069427,0.331783298601607,0.153736393772923,0.0869246789389861
2,500,482,0.0285057500552282,0.334864131277152,0.154849174040475,0.127071083342617
2,500,483,0.0330436323781027,0.32396729863886,0.15165778597768,0.0920762126572137
2,500,484,0.0368724079557636,0.327697020452262,0.149800380061267,0.150132970900207
2,500,485,0.0262788100008848,0.328783151490269,0.114253851385442,0.104259483725343
2,500,486,0.0289687369496856,0.330437054973441,0.133411255381327,0.0914831459137322
2,500,487,0.0306422396673911,0.328888065673185,0.161647868157946,0.0939273788460633
2,500,488,0.0381446627418467,0.328190021206409,0.126733089030805,0.128670830212918
2,500,489,0.0445462035172521,0.330803829882672,0.142819879773876,0.144246738152396
2,500,490,0.0330068749772217,0.325068629401083,0.132164403304997,0.122152309948993
2,500,491,0.0262349677596028,0.327735681610811,0.17096903584569,0.109523113528641
2,500,492,0.0236405320115307,0.33174924440996,0.108380758481364,0.102589779101931
2,500,493,0.0275610837819222,0.330795960525936,0.150360393660742,0.0548493884053405
2,500,494,0.0302544907229878,0.32626888813991,0.155119418086203,0.0759517494459094
2,500,495,0.0267796800122038,0.320409868786416,0.132682542290385,0.138157912974079
2,500,496,0.0287053770313566,0.333256631978898,0.173198900454441,0.339097937399436
2,500,497,0.0309222133935825,0.330895932518382,0.146505903972346,0.103876462488178
2,500,498,0.0214263276342999,0.322906321900208,0.167333288130833,0.0970818032137262
2,500,499,0.0372258746588108,0.325820945968348,0.139079177094399,0.101416205418064
2,500,500,0.026340102656653,0.327199248458764,0.157104522969375,0.119403287572099
2,1000,1,0.0271720240094633,0.336277296770959,0.144955573082056,0.0383030537637277
2,1000,2,0.0258656143348686,0.330363270662493,0.145423266875386,0.044389695840912
2,1000,3,0.0254186675674062,0.337766334905811,0.15068867802283,0.0619969103615197
2,1000,4,0.0244359435401176,0.323728894511004,0.146339968006473,0.0449330726590564
2,1000,5,0.035438855797199,0.328108061377282,0.138913721297011,0.0587801164239701
2,1000,6,0.0299944853392509,0.332906121600777,0.16310973596541,0.0615438389880287
2,1000,7,0.0232032037203755,0.324653552251348,0.145290211568889,0.045884242324405
2,1000,8,0.0335076548369857,0.326809099395415,0.183626253748451,0.0503973836963711
2,1000,9,0.0225620216630127,0.329433334898415,0.131765048166745,0.0784072761622472
2,1000,10,0.0231726292090888,0.322224664970067,0.141174528769493,0.0375548970774244
2,1000,11,0.0222896671630073,0.322524494340095,0.124084403726245,0.0599520146471786
2,1000,12,0.0197411300586972,0.32479309313058,0.138952488546214,0.0416436808260334
2,1000,13,0.020278357641845,0.329712671053507,0.157009170851917,0.0575123867669227
2,1000,14,0.0219258475180355,0.330776796394634,0.152831710710183,0.0359609876331923
2,1000,15,0.0325859460452464,0.329893510336267,0.14569659498355,0.0386013961944092
2,1000,16,0.0224054026926868,0.320591614856557,0.118748489728978,0.0321888509648258
2,1000,17,0.0211406526253062,0.323320825589314,0.162400697076846,0.0537055346641688
2,1000,18,0.0257982227669054,0.329539582136109,0.145058180519129,0.0645213027624048
2,1000,19,0.0208341293952028,0.322486187494166,0.139297982512854,0.0640147252362264
2,1000,20,0.0265852047932322,0.331077024533011,0.137483600838716,0.0398425338116688
2,1000,21,0.0231670287279606,0.328162496849085,0.148751153261035,0.0421865192374531
2,1000,22,0.0215238778095614,0.327400803989027,0.166492068369191,0.0486401002476309
2,1000,23,0.022456801609108,0.322671943547117,0.116703333778361,0.0355364336560819
2,1000,24,0.0243431855910521,0.332667066070801,0.130169825203132,0.0560138591897825
2,1000,25,0.0269480458473794,0.323192165811678,0.145385813595205,0.0369681492839347
2,1000,26,0.0254893967985459,0.333752668600042,0.146622742591937,0.0361636555558762
2,1000,27,0.0229831388100321,0.329559554355671,0.149107169165761,0.031478794865637
2,1000,28,0.0257518874868279,0.334642905125503,0.122856647239842,0.0588243214089901
2,1000,29,0.0301251925108492,0.345819993290392,0.131249827263673,0.0567017457346739
2,1000,30,0.0297460297644443,0.326638154218788,0.126083017244917,0.0583806786625205
2,1000,31,0.025300924966466,0.326521966770901,0.121996616169457,0.0631891410580667
2,1000,32,0.0196602034845352,0.334830548997954,0.154224511712149,0.0539525134504648
2,1000,33,0.0258059170944527,0.336223518107323,0.162947234088996,0.0293454051884494
2,1000,34,0.0305037479588528,0.335493797287492,0.146231977886838,0.0619070403928188
2,1000,35,0.0238075433860152,0.32217739073382,0.146095000651532,0.0688742858766695
2,1000,36,0.0209492823964414,0.334114786870581,0.140850951392875,0.036802847566749
2,1000,37,0.0197484156194354,0.326623999081523,0.126928328838247,0.0406159375294468
2,1000,38,0.0247295085913017,0.327014978394045,0.118557740606205,0.0524220313912669
2,1000,39,0.0238074138371249,0.324042772397706,0.166893696728471,0.0397525775495344
2,1000,40,0.0300595382389042,0.325198893924945,0.145280652012371,0.0567572937571401
2,1000,41,0.0256134494529268,0.335124342918441,0.145511206925155,0.0648617282957591
2,1000,42,0.0232105691151934,0.319091685825405,0.133952034672105,0.0521983273595163
2,1000,43,0.0256116609241381,0.332914269977312,0.151200477264633,0.0603479636018487
2,1000,44,0.028990836999049,0.342730556241625,0.171787134154532,0.0580045857992213
2,1000,45,0.0340331283783701,0.347341462465062,0.128143011089072,0.0356666718843797
2,1000,46,0.0309860106400013,0.3423787254189,0.163352517816084,0.0722577181464035
2,1000,47,0.0232714101500602,0.339612922292992,0.156657526519077,0.0414956104522879
2,1000,48,0.0225291925822115,0.3232455120966,0.126891643943505,0.0487791485783589
2,1000,49,0.0212770496282058,0.331157607062128,0.118280322151184,0.0612953569440047
2,1000,50,0.0232043201012111,0.332663748067823,0.121432635853175,0.0341866382707832
2,1000,51,0.0216226339230534,0.325764246970608,0.16428963936433,0.0475402846739992
2,1000,52,0.0237794039495989,0.324131828363285,0.133736212020772,0.0641249693342618
2,1000,53,0.0248031282015353,0.331538565282123,0.135709137647147,0.0442778762425762
2,1000,54,0.0225313698073715,0.325320336387777,0.150341256249605,0.0544741096341956
2,1000,55,0.0292400851430297,0.335346303247331,0.150982175199404,0.0651361096069061
2,1000,56,0.0236680302551313,0.328965317563352,0.124563309280023,0.0363401426102545
2,1000,57,0.0236699219826919,0.329289199983769,0.127788841939973,0.0557094584976665
2,1000,58,0.0290840687563998,0.339703612797201,0.174169495235712,0.0616792941257009
2,1000,59,0.0268523215722716,0.324328351626312,0.127721302308212,0.0395333987211157
2,1000,60,0.0320338043143669,0.330693080491454,0.115349348505985,0.0435281925697353
2,1000,61,0.0249873921047912,0.319619964046626,0.125225419000829,0.0466727756345326
2,1000,62,0.0258765749598386,0.322902137628061,0.137297670091341,0.0444479239171875
2,1000,63,0.0213768817771629,0.327817333639939,0.126302026094832,0.0528508053107004
2,1000,64,0.0269879841576877,0.321179935357323,0.116501313333116,0.0462481454482608
2,1000,65,0.0216304083995511,0.322093202750463,0.117821479751092,0.0389728895164574
2,1000,66,0.0277225332560951,0.327487059866548,0.147265395521471,0.0580132413320227
2,1000,67,0.023556409176831,0.325525498863675,0.153623561777527,0.0514249774589068
2,1000,68,0.0237086239063724,0.332911189539983,0.151417197104065,0.0496163087691557
2,1000,69,0.0251266057543436,0.327130987217802,0.161599428000725,0.0536246360914365
2,1000,70,0.0279467427807205,0.328234405154558,0.136595315371403,0.0608069153865314
2,1000,71,0.0228773427697437,0.331060287949752,0.13188205624086,0.0437235410514736
2,1000,72,0.0243095962132132,0.32055072189764,0.143193753476398,0.0562009800186647
2,1000,73,0.032400531009807,0.335999205159196,0.162499048881895,0.0536978730429272
2,1000,74,0.0206449545434282,0.329028565546149,0.150570097348752,0.0464812653511313
2,1000,75,0.0233447028486791,0.320565487684706,0.138847247127925,0.0501185903315604
2,1000,76,0.0264551823935315,0.320883310328932,0.143801230447318,0.0708084056780702
2,1000,77,0.0218363998493769,0.318709992083001,0.122982963130781,0.0507841080093869
2,1000,78,0.0252981980787561,0.337244936438942,0.136091928308222,0.0668732386189552
2,1000,79,0.0190089045855026,0.325045307779237,0.144717979788667,0.0522119533938235
2,1000,80,0.0225240979477042,0.326266166979263,0.161508424577073,0.0378693855226209
2,1000,81,0.0335790105381872,0.326789571276979,0.108081732260632,0.0494218415876568
2,1000,82,0.0249385186951898,0.327695302354242,0.166574159293251,0.0572480083511719
2,1000,83,0.0202722098437191,0.329780489525567,0.119462615070578,0.0314785785778193
2,1000,84,0.0214907330942191,0.326229505178261,0.142001374794391,0.0388314888760826
2,1000,85,0.0212438133280684,0.326076939784548,0.153646747389137,0.0782256887520405
2,1000,86,0.0301507120034428,0.320272381759902,0.145091103766195,0.0536497287890489
2,1000,87,0.0219249265282424,0.324026169383335,0.129361546451784,0.0392549997038312
2,1000,88,0.0295459560406397,0.337419668815745,0.13483740555921,0.0730627635983139
2,1000,89,0.0254597032133947,0.331062124983529,0.144684648806591,0.0475243826200158
2,1000,90,0.0260831723526036,0.332182484474465,0.146330308967987,0.0540712668538241
2,1000,91,0.0192301267224646,0.33242127208228,0.131128788346446,0.0536139888441689
2,1000,92,0.0292487588419521,0.33168225784732,0.12101604248881,0.0494870695470582
2,1000,93,0.0213862416410444,0.32214697496184,0.119246435673728,0.0413272892506116
2,1000,94,0.0230274262055559,0.330776966922419,0.141709557032768,0.0444468091365851
2,1000,95,0.020551275956157,0.331919016994513,0.131634692290931,0.0591461770669588
2,1000,96,0.024917003572662,0.327706839844555,0.129272708917548,0.0471653792536786
2,1000,97,0.024883894535795,0.324742887801927,0.119665584211811,0.0388559652559068
2,1000,98,0.0274539299342329,0.327940975796558,0.128897420755022,0.0603092740332629
2,1000,99,0.025874531028913,0.333824687279715,0.140145592480744,0.0569087687775156
2,1000,100,0.0243076625792251,0.326713141977657,0.131263326487627,0.0523989640420739
2,1000,101,0.0267626910018985,0.329560888153685,0.147960293704291,0.0545340125980824
2,1000,102,0.0230878283285176,0.326857026530533,0.120917846729534,0.0647197844251537
2,1000,103,0.0245455209778276,0.327004048387431,0.11263066312851,0.0545503625486932
2,1000,104,0.0238983763608935,0.321152109466067,0.136137891812164,0.0326202882694415
2,1000,105,0.0241439007861122,0.337833456468564,0.157682889561907,0.0704744327460369
2,1000,106,0.0239473453914958,0.322483073068131,0.161270584947923,0.0620686551424237
2,1000,107,0.029651032645017,0.329831861286927,0.138266090067977,0.0576872579786467
2,1000,108,0.0205981511419697,0.329275493666906,0.143415926939441,0.0354583670733291
2,1000,109,0.023073558374668,0.334336443602816,0.129036587202074,0.0553148020882168
2,1000,110,0.0225340779503236,0.324674463970637,0.159240206773534,0.0439452101691733
2,1000,111,0.0227173622831602,0.325071691213888,0.13820063688928,0.0423876872684932
2,1000,112,0.0253098126744105,0.328130972575338,0.127225295871642,0.0495538870611683
2,1000,113,0.0213438503712111,0.323935112571153,0.154739885063113,0.0403678635287685
2,1000,114,0.0280653111595475,0.320392572110354,0.108795081159359,0.0558340341926555
2,1000,115,0.0271169237702384,0.323512973675689,0.121304455771089,0.0709011076334882
2,1000,116,0.025272703528376,0.328706574409605,0.153428075004252,0.0452822213637505
2,1000,117,0.0357282975393138,0.331740292051717,0.10991946563097,0.0682098029685101
2,1000,118,0.0266074726910868,0.328815468995557,0.15361192096235,0.0431064076617496
2,1000,119,0.0231225260283929,0.326848031041672,0.148011993835332,0.0525360236192947
2,1000,120,0.0275022318429665,0.334317028998783,0.108276682058402,0.0447736415476701
2,1000,121,0.0224462593108041,0.336406235140185,0.16163995371811,0.046396280031213
2,1000,122,0.0303178200917631,0.327400810307634,0.150812309822586,0.0701499555924376
2,1000,123,0.0296937085383155,0.32345013429066,0.137156773733996,0.0524259716863036
2,1000,124,0.0265288005417406,0.321387574010884,0.144521998551576,0.0541362051508338
2,1000,125,0.0238676033916259,0.335359314196077,0.158037299632338,0.0551045358776441
2,1000,126,0.0229601193156279,0.319592469131658,0.133883410745922,0.0447332862644587
2,1000,127,0.0231090617435028,0.326823460679716,0.15559448462494,0.0538771223327286
2,1000,128,0.0318856336400908,0.338075296262214,0.149461640537938,0.0468128165535953
2,1000,129,0.0232899463473606,0.324126712974406,0.123534160805645,0.0560963207756755
2,1000,130,0.0259571511929664,0.330489343928187,0.150277919988269,0.0332290885248299
2,1000,131,0.0222901735099081,0.322029095643758,0.129194391121101,0.0701029563755806
2,1000,132,0.0296483527794684,0.329455725083591,0.170818910471265,0.0814585600088003
2,1000,133,0.0294711712199811,0.328551724158243,0.147245122874409,0.0428367779088348
2,1000,134,0.0341004028462282,0.332046928380574,0.129953397590953,0.0288682061862411
2,1000,135,0.0250080909126169,0.331676315388724,0.163839337017043,0.0623536946946859
2,1000,136,0.0249691954044597,0.33562740166814,0.134336545221041,0.064460992657446
2,1000,137,0.0287117825392824,0.329254688136596,0.14170958452052,0.0549292281842462
2,1000,138,0.0291189463228145,0.330009217634787,0.126397840714775,0.0738250399281477
2,1000,139,0.0241485882159918,0.323264616490835,0.146847573000764,0.0449004514474332
2,1000,140,0.0268200123915816,0.326929328193395,0.147273121060475,0.0824827376970347
2,1000,141,0.0259897700717546,0.330365923680741,0.14186471296437,0.0497212093127166
2,1000,142,0.0226810880443902,0.318448386567842,0.123785995684339,0.0486754806156808
2,1000,143,0.0278777793478779,0.324298897501218,0.156209502395465,0.0694011134029768
2,1000,144,0.0256287795056835,0.328526636957134,0.142319260948203,0.0644725438854981
2,1000,145,0.0189051151067992,0.317437171366256,0.150467864858567,0.0541361150332311
2,1000,146,0.0267299612583014,0.336823459152014,0.161424408248893,0.0346426494366965
2,1000,147,0.0189964664967739,0.331773603144445,0.136240331734055,0.0701032852170003
2,1000,148,0.0197861617995978,0.322810971264811,0.134537861811303,0.0376124128538986
2,1000,149,0.0286292486092765,0.334106641732468,0.169407815065491,0.0750095603754219
2,1000,150,0.0225793813487929,0.325451419258012,0.154206753365919,0.0546205768056407
2,1000,151,0.0232935699615637,0.325736624576506,0.143532173147012,0.0499393044391754
2,1000,152,0.0274398724432998,0.339751364984658,0.118573609232376,0.0732060985338234
2,1000,153,0.0518896729738414,0.351806286997367,0.166381042392686,0.0837509901091489
2,1000,154,0.027548875478856,0.325803222101181,0.135056074192406,0.0703896608274117
2,1000,155,0.0282694086527739,0.336347424799918,0.171570010118687,0.0378973486734526
2,1000,156,0.0224873036120992,0.325086682739055,0.124001595388011,0.0352389075938417
2,1000,157,0.0342507092966757,0.330739468192597,0.136744950448552,0.0422904027222286
2,1000,158,0.0260044705541658,0.326409576429536,0.138613332625367,0.0565537748919582
2,1000,159,0.0185870274425728,0.323440628879321,0.122136442544223,0.050295103600164
2,1000,160,0.0210599253480155,0.33092263220625,0.165937424141597,0.068137402722078
2,1000,161,0.0234978208220227,0.326391370261338,0.141745530942949,0.0513643773948811
2,1000,162,0.0275301174538927,0.319808083170269,0.123019439520239,0.0652065117791594
2,1000,163,0.0229426220998352,0.324794138744881,0.144117144124154,0.0602602115763564
2,1000,164,0.024702842429438,0.333170411662002,0.136652735207663,0.0584376263823543
2,1000,165,0.0314609899154996,0.324354289949,0.136045567992017,0.0513435597142273
2,1000,166,0.023634770791005,0.328596260759263,0.146047675361644,0.0552211558301841
2,1000,167,0.0228571903269608,0.321547831799878,0.128796161154603,0.0527502190919478
2,1000,168,0.0227659026077294,0.340845376170185,0.167678312388483,0.0477891133659503
2,1000,169,0.0252658222941446,0.325727983995213,0.150127153451453,0.0485930711679254
2,1000,170,0.0255653577560797,0.323318719648159,0.127500362848982,0.0613772805114152
2,1000,171,0.0249714684620863,0.327921903226297,0.109400288070624,0.0529562654320501
2,1000,172,0.0300895689022231,0.327210251107256,0.138285703865766,0.0567326461990325
2,1000,173,0.0243243455864965,0.326927128794431,0.127763269781173,0.0636317159294366
2,1000,174,0.0224484857638603,0.329236643169062,0.136510541537658,0.043475848724329
2,1000,175,0.0248213222630103,0.340191199127008,0.124510615480884,0.0558493510345526
2,1000,176,0.028113762399788,0.333120972969977,0.146426200364284,0.0534286623451654
2,1000,177,0.0304797314414966,0.33583247969566,0.151144315371632,0.0831438566304157
2,1000,178,0.0296148796475377,0.34218864066091,0.145152255385608,0.0506860630682642
2,1000,179,0.0282673848710977,0.332671444735029,0.154367453440365,0.0663216270497164
2,1000,180,0.0258554696060447,0.330371451424425,0.112668746230111,0.0576183594194206
2,1000,181,0.0186835290977623,0.326116035891028,0.152370676750005,0.0534884272224418
2,1000,182,0.0273665290526959,0.329228374378688,0.154734574605857,0.0418507383740085
2,1000,183,0.0239832494155945,0.326435641502743,0.142445791893571,0.0452612287228384
2,1000,184,0.0227585818481377,0.323028279467485,0.144716675804186,0.0603164993074252
2,1000,185,0.0328582562162509,0.326926915319387,0.129375633436116,0.0609762757596601
2,1000,186,0.027575775085201,0.335622287008738,0.127853811942094,0.0486113712988314
2,1000,187,0.0217803394151785,0.328949245237054,0.121180935474986,0.049884311095435
2,1000,188,0.0248682394190742,0.324609958702763,0.12616206176712,0.0396522392396454
2,1000,189,0.0221662904592066,0.32561440649114,0.120013019193675,0.0490559407122033
2,1000,190,0.0256634757887404,0.318884545295566,0.117895641973189,0.0577696346969798
2,1000,191,0.0226250264743997,0.327015564272722,0.116067746247802,0.0665798231862988
2,1000,192,0.0247231030034274,0.325744882848447,0.151581438080804,0.0808624681961896
2,1000,193,0.0214582116551434,0.32757851728332,0.142689442764235,0.0588042797252761
2,1000,194,0.0288851900858711,0.324736855675816,0.110838309151237,0.0663013473381941
2,1000,195,0.0226088142380343,0.32838693253158,0.145599070477803,0.0258032305994742
2,1000,196,0.0244956247532384,0.323299927917388,0.144985059989608,0.0513849908805393
2,1000,197,0.0221554136473949,0.333874779766714,0.132362738380303,0.0890912547799236
2,1000,198,0.0302040712928502,0.331045794249907,0.15001459961758,0.0611572199873791
2,1000,199,0.035914340705504,0.336766732179616,0.114048406114109,0.0631218977977732
2,1000,200,0.029648609619819,0.34278986549931,0.178360638837355,0.0663131716282033
2,1000,201,0.0276485444432466,0.327345309012542,0.142536505757357,0.0611100898890549
2,1000,202,0.0258361144356651,0.333253794513866,0.145970877577437,0.0515803441125329
2,1000,203,0.0238880400598884,0.324347365158431,0.125621773792509,0.0513203932375221
2,1000,204,0.019262095627639,0.321813849434736,0.126915008692614,0.0390636303622187
2,1000,205,0.026985461203294,0.326028735990335,0.120486062274737,0.0861043808719488
2,1000,206,0.0242119980949476,0.332180234087889,0.141266994229182,0.0473745855077623
2,1000,207,0.0226524867090219,0.328555508737606,0.133888195974235,0.0368921171385694
2,1000,208,0.0234591050224247,0.326088151653024,0.143410310565137,0.0578592608760946
2,1000,209,0.0339869899889658,0.329518274925185,0.124630062342755,0.0655546729427545
2,1000,210,0.0226442315417368,0.327223098408505,0.127624982207617,0.0627398064854878
2,1000,211,0.025462323653868,0.325668905823637,0.169439470703041,0.0586657652270202
2,1000,212,0.0235910799970795,0.333428999186936,0.132419185794558,0.0650168079829068
2,1000,213,0.0226011617947934,0.320553875900076,0.141172484385265,0.0692370678790359
2,1000,214,0.0246520790062079,0.325678371987535,0.134903952164601,0.0560980474064003
2,1000,215,0.02150619089567,0.327015038236389,0.174880996376631,0.0425020111998755
2,1000,216,0.0275992340571807,0.326088187062964,0.118167209194226,0.0556929586008792
2,1000,217,0.0243753874643997,0.326067750549219,0.137643970389373,0.0448227669535337
2,1000,218,0.0237175523792397,0.334338137421113,0.144675649150193,0.0439477298930271
2,1000,219,0.0239221828400729,0.327615162781345,0.147799248464939,0.0386141551470229
2,1000,220,0.0248566276299131,0.323079635536556,0.142828329320405,0.0545162346297619
2,1000,221,0.0227543271269217,0.330246927373859,0.115208993334014,0.0305436515641995
2,1000,222,0.0229487312432795,0.330294038688306,0.151904020871049,0.0624887888611021
2,1000,223,0.0213756635715341,0.324344555470421,0.128388057205043,0.0501675843651674
2,1000,224,0.0256008759366768,0.327521925814254,0.115826647345502,0.0544019186368447
2,1000,225,0.0201812958474918,0.323350108357322,0.112842530447444,0.0400417185913555
2,1000,226,0.0253684949121105,0.339861545157774,0.153998132659323,0.032255172151507
2,1000,227,0.023575610269063,0.334429473373054,0.137126900099671,0.0531639116032587
2,1000,228,0.0290978229682068,0.329989431111482,0.123082784431072,0.0763643333877415
2,1000,229,0.01988214416651,0.326275208246896,0.160584899629804,0.0378843136532612
2,1000,230,0.0227681769254928,0.318991356798302,0.136783172137089,0.0474728998678018
2,1000,231,0.0228189137975268,0.336144309799919,0.146158324187307,0.0476021436483909
2,1000,232,0.0238292439200045,0.326418817279247,0.112874470142217,0.0933594268929285
2,1000,233,0.0327169449834379,0.341118963680972,0.152772644061244,0.0323774174514142
2,1000,234,0.0281217870334756,0.324061147013452,0.158006560656872,0.0703587284954579
2,1000,235,0.0215181484580964,0.3209761276935,0.150768399995256,0.0587546913536685
2,1000,236,0.0278380401011313,0.338581891507938,0.154640299982317,0.0451175444504317
2,1000,237,0.0198937107867538,0.330940169130268,0.133666791682758,0.0565723075654638
2,1000,238,0.0257127317290284,0.321383116121318,0.146675348605978,0.068088061662152
2,1000,239,0.0291069300013367,0.339391739962492,0.14135973869154,0.0632265419789868
2,1000,240,0.0238727810814257,0.328337807398123,0.136333265377556,0.0353375116876937
2,1000,241,0.0224513383430081,0.331192448819561,0.125346277890511,0.0541956962232015
2,1000,242,0.0281662334723907,0.335593526788068,0.149791742553649,0.0677518654901825
2,1000,243,0.0218089827017032,0.334168166503264,0.150486675930602,0.0745885961523498
2,1000,244,0.0236559776818881,0.333601504344559,0.143709727685509,0.036364009488743
2,1000,245,0.0213588855796807,0.33987831339404,0.161216124628342,0.0691619102388679
2,1000,246,0.028742409944537,0.337613980794684,0.141067092736949,0.0422266928147557
2,1000,247,0.0239420779019131,0.325612666660857,0.136682157933051,0.0501256941243424
2,1000,248,0.02964399504416,0.333925894613645,0.14919649181689,0.0494613132254125
2,1000,249,0.0230702373334217,0.324657837797241,0.147505552764511,4.10050016734435
2,1000,250,0.0265636517906178,0.332582253688158,0.137527192677694,0.0675837502454759
2,1000,251,0.0227376594379183,0.332106027793714,0.134098313828039,0.0388879648554816
2,1000,252,0.0218841404553252,0.328190145515153,0.14708725589067,0.0528142780130627
2,1000,253,0.0263776138706222,0.327699661984667,0.142308251650736,0.0773606221103531
2,1000,254,0.0224801836222401,0.332052711453384,0.144113316046984,0.0509806674027384
2,1000,255,0.0199748354192246,0.315617631696357,0.142165329675494,0.0537732115536542
2,1000,256,0.0237579542726369,0.347166114560233,0.155525888104685,0.0465207781925898
2,1000,257,0.018533503055518,0.323401733810972,0.132614631054035,0.0473979076535125
2,1000,258,0.022319568622283,0.326932824082813,0.15011341289901,0.0424707718369293
2,1000,259,0.026659431779001,0.331514609368001,0.132819394618892,0.0416793263185364
2,1000,260,0.0237346351248995,0.33781330124521,0.13971415451907,0.0612002963634237
2,1000,261,0.0234689236662036,0.325710141969912,0.136828214869238,0.0405009448751306
2,1000,262,0.0218130373212555,0.324861858461095,0.135598030391565,0.036880041933594
2,1000,263,0.0289566127972121,0.330558432937217,0.151610087873823,0.0733479410695821
2,1000,264,0.0238080865398975,0.324396593684559,0.128198292616083,0.0505225803322977
2,1000,265,0.0231500859328031,0.323491200348746,0.126484194144341,0.0512580257635475
2,1000,266,0.0188619216876516,0.32533812803459,0.150290818011297,0.0707365550783514
2,1000,267,0.0227443617604326,0.32601379272654,0.129752051516018,0.032962296416142
2,1000,268,0.0261143671896802,0.333697544470283,0.14215273549681,0.0712755507788227
2,1000,269,0.0250898486348128,0.330700806510364,0.130872894957298,0.0753377056302185
2,1000,270,0.041750239250121,0.339265006345461,0.15146404921028,0.0690087509421047
2,1000,271,0.0271867036844053,0.334603753978075,0.139301104646882,0.0479232101653129
2,1000,272,0.0241112374223229,0.324852090689081,0.135997216568678,0.0480837683276842
2,1000,273,0.0224742006538581,0.320794414242131,0.129154505295374,0.0414450426806734
2,1000,274,0.0246377524161669,0.331042824938921,0.122868980362778,0.0454343214614024
2,1000,275,0.0305117530861658,0.325961503596771,0.146050985907796,0.0573113463127808
2,1000,276,0.0271436242218215,0.333467263420291,0.143970434983395,0.0601092627211166
2,1000,277,0.0222840305979446,0.323213292472625,0.138592690746679,0.0623246955367285
2,1000,278,0.0283912816062279,0.338786385913661,0.143549822110957,0.0640211437624558
2,1000,279,0.0216780736421327,0.327624569888848,0.138899886386439,0.0529925745321751
2,1000,280,0.0273810381357715,0.331700050900723,0.134998290359651,0.0496441119953623
2,1000,281,0.029638134580017,0.344401594351055,0.159264797057312,0.0623432706968503
2,1000,282,0.0217430709429631,0.333851944027435,0.110255830440811,0.0798776367458034
2,1000,283,0.0221191589046681,0.339559722137731,0.141351339113537,0.0540981052455132
2,1000,284,0.0229527798990083,0.331087668285814,0.15129380024207,0.0421854915380526
2,1000,285,0.0227035175398149,0.325932561195896,0.124414844045,0.0601259152576499
2,1000,286,0.0246216774553769,0.331838616675233,0.145097190701422,0.0604004946521537
2,1000,287,0.0246503182051003,0.328837756274867,0.138929001582783,0.0559197960334061
2,1000,288,0.0263122141524461,0.333083007581267,0.163637336150148,0.0427988443013438
2,1000,289,0.0226195188410319,0.328746409155265,0.147477095157153,0.0514524910190617
2,1000,290,0.0231356490882535,0.325161786823336,0.150878272483151,0.0523690385151747
2,1000,291,0.0222717662681935,0.324120295173188,0.132441300522183,0.0421057753828582
2,1000,292,0.0285915299241066,0.318376801426959,0.129201918034723,0.0487471592389184
2,1000,293,0.0229047937182045,0.330560768678931,0.172373535331809,0.0476171506764669
2,1000,294,0.0228043346995592,0.320425566114348,0.138622445154783,0.0553236530101227
2,1000,295,0.0291384173050362,0.320378415011281,0.138860871802879,0.0531450950181886
2,1000,296,0.0219625703107469,0.323005930086727,0.128129857961754,0.0359781798321515
2,1000,297,0.0206738987423756,0.320769230070894,0.113319903202509,0.0381263002075112
2,1000,298,0.0244102881215389,0.325181682852623,0.139967922977222,0.0597584629396022
2,1000,299,0.0258447817708327,0.32480871373594,0.128702358801494,0.0450218722427798
2,1000,300,0.0207052410987374,0.335483240212948,0.133985103490509,0.0400133291062945
2,1000,301,0.0256045530774063,0.327241957702429,0.133349259876013,0.0443201427812299
2,1000,302,0.024686101355039,0.337723613297201,0.152598608018846,0.0568880409322841
2,1000,303,0.0257605283954934,0.330635829068686,0.131560827863924,0.0634885459914423
2,1000,304,0.0246105370710645,0.33196865399332,0.148115773347801,0.0435874759756043
2,1000,305,0.0305533901108483,0.323922868257793,0.168161002597875,0.042502843009752
2,1000,306,0.0233778110541274,0.326844676743543,0.137464748725923,0.0594965042616751
2,1000,307,0.0254348562815547,0.325989778114515,0.142345552022351,0.0464961211005628
2,1000,308,0.0215934772663171,0.330150028941693,0.133453594672355,0.0596138971205622
2,1000,309,0.0269130542840279,0.328018994685524,0.13526085516595,0.0605808694903323
2,1000,310,0.0236098085399785,0.335659831039683,0.139851281814525,0.0641559670020257
2,1000,311,0.0266066434598582,0.335222674458808,0.148074032332967,0.0650828711768852
2,1000,312,0.0241160145065968,0.337058490651798,0.135403086115831,0.0601782533386022
2,1000,313,0.0267129393372321,0.32941801050436,0.123034943204511,0.0555834476724508
2,1000,314,0.0238364029892377,0.325436114849257,0.143084741369639,0.0588057506458768
2,1000,315,0.0229172723483499,0.326156973235423,0.153051708223867,0.0497553064877669
2,1000,316,0.0240362781037926,0.331407836936215,0.148002602861294,0.0591922633040967
2,1000,317,0.025327347076519,0.32283416501242,0.148693927906803,0.0570281179914103
2,1000,318,0.0247298658161723,0.332423338982127,0.141112421140689,0.0727590144164014
2,1000,319,0.0268680071475043,0.329556820766243,0.139599910720978,0.0438135827353499
2,1000,320,0.0302285012571948,0.326438848141646,0.129602304664109,0.0473775195526533
2,1000,321,0.0284513284156562,0.330253722800857,0.139096361810302,0.069978989164154
2,1000,322,0.0212511346959734,0.330102764973349,0.142811376863049,0.0440378105825068
2,1000,323,0.0203600335982936,0.331529543848585,0.160480016964158,0.0522790835725297
2,1000,324,0.0262375099782637,0.331368490949403,0.165935356907524,0.0509825898218115
2,1000,325,0.0221004490009018,0.327715941944577,0.137914116139418,0.0657516722878839
2,1000,326,0.0228918041156099,0.331781007569243,0.127227366786586,0.0376752358005403
2,1000,327,0.0246305815348233,0.33005911625695,0.137329199180799,0.0544340878658953
2,1000,328,0.0239881900144399,0.325434303333758,0.147014534286968,0.0472481422382329
2,1000,329,0.0237268975061162,0.324712868941154,0.142537682912836,0.0483217468521755
2,1000,330,0.0217338202409758,0.326304342010619,0.137826366036974,0.046637245383039
2,1000,331,0.0258970105183738,0.332208184355181,0.183681776493863,0.0427583501713595
2,1000,332,0.0251643906816899,0.322989916645003,0.149710487694059,0.0735064695418179
2,1000,333,0.0276259788877877,0.331463867940216,0.144241758143339,0.0435395253867861
2,1000,334,0.027008565908639,0.321535257998054,0.144600089640013,0.0587024718056401
2,1000,335,0.0235170480911824,0.326738831931819,0.146375611231027,0.0511144877390419
2,1000,336,0.0244520078229298,0.336954494748845,0.147186904209113,0.0455611579874609
2,1000,337,0.0239444500982111,0.331901652577803,0.146934875773459,0.0640440709140855
2,1000,338,0.026431418832648,0.342022137019868,0.146050604603338,0.0454981163124917
2,1000,339,0.0227594455867335,0.333211369186983,0.110809705724954,0.0410065969469886
2,1000,340,0.0228964105457754,0.318643334554381,0.146854731677873,0.0437608080954273
2,1000,341,0.0237943852898062,0.325626987767252,0.140027353195832,0.0732500660852027
2,1000,342,0.0272231769519444,0.338676370711275,0.15860286649136,0.0497773909197552
2,1000,343,0.0286279056580045,0.340902340796594,0.143655174288797,0.063605469064449
2,1000,344,0.0253623164415815,0.336472181516572,0.158656624792664,0.0474596791542132
2,1000,345,0.0264924256927812,0.338520733006017,0.162136222058434,0.0594689220425375
2,1000,346,0.0241092659147872,0.331229314528174,0.158048247734261,0.0647875035593732
2,1000,347,0.025589390896777,0.325227838716773,0.12845252697693,0.0492915590481344
2,1000,348,0.0251301341301566,0.330392528708412,0.146099347352014,0.0616516301186736
2,1000,349,0.0253917291251777,0.319938594715981,0.118281476803791,0.0721003652356484
2,1000,350,0.0309202416400163,0.337665494753554,0.151387071885855,0.0663305336680631
2,1000,351,0.0258077665421981,0.331562279992045,0.155202887753498,0.0518242519695793
2,1000,352,0.0269297472807064,0.332479137525083,0.143210981862181,0.0498135772686101
2,1000,353,0.023154633006218,0.329240077474134,0.159175525137178,0.0424778828131891
2,1000,354,0.0265633572144737,0.32760106814192,0.141722530925363,0.0584123064619593
2,1000,355,0.021272399334197,0.330408355665511,0.145633236043498,0.0343385146385617
2,1000,356,0.0276445869748614,0.32969580524059,0.135339036044955,0.0626032154559506
2,1000,357,0.0239281717078228,0.330197867135738,0.146577143737618,0.0422715614871814
2,1000,358,0.0300214432728225,0.314833705009734,0.130883297016528,0.0544565588260764
2,1000,359,0.0283926477461025,0.338141690439322,0.166046452695499,0.054882977435794
2,1000,360,0.0278120884077853,0.332166396111453,0.138649593187469,0.0495909366366079
2,1000,361,0.0189690974480829,0.317455786435358,0.109340379677556,0.0360776702069836
2,1000,362,0.0261064393897428,0.332652727027681,0.131497756382656,0.0732492157794624
2,1000,363,0.0222013036288362,0.320164662248204,0.128956234729004,0.0373038012537419
2,1000,364,0.0217073128339367,0.330359647659644,0.148491301494581,0.068344125292028
2,1000,365,0.0250088650702271,0.338184113517253,0.149927090776844,0.102735313479097
2,1000,366,0.0240432110271291,0.326568336059163,0.1670692841585,0.0667270279816616
2,1000,367,0.0171471526806377,0.328934192732055,0.136903490472021,0.0369770789848682
2,1000,368,0.0220238803236668,0.323426407329328,0.116352668815189,0.0762482110414202
2,1000,369,0.0249794132572767,0.332785219220721,0.159026366379513,0.0509871226186522
2,1000,370,0.0300743179861278,0.329743513095254,0.135180890220544,0.0441959526172562
2,1000,371,0.0285635958863719,0.331921973223477,0.132443974371085,0.0591347832787663
2,1000,372,0.0249950304708224,0.332035944537032,0.121674352182013,0.0838269186401597
2,1000,373,0.026876305369061,0.327614260539864,0.130707078918414,0.0506582935879158
2,1000,374,0.0238545933216252,0.334630009263799,0.145153769534718,0.0492846869665207
2,1000,375,0.0246236247360518,0.336143435059763,0.164690812094017,0.0850997338875403
2,1000,376,0.0248213315744337,0.318566077957865,0.139026311628076,0.0725206926255009
2,1000,377,0.0213329071218602,0.329962634373385,0.149954152244277,0.0565068406389406
2,1000,378,0.0221261784141997,0.328105066909318,0.129905887825556,0.0532053318044636
2,1000,379,0.0209645380999166,0.338235905264443,0.158235899948372,0.0518672827425328
2,1000,380,0.0289327419222818,0.330096201926119,0.136440778777066,0.0620387276015095
2,1000,381,0.0253986072054848,0.334283985376155,0.139862079972491,0.0471197044966842
2,1000,382,0.0316975905019239,0.332348603448596,0.14135792074959,0.069261809271816
2,1000,383,0.0360295662095012,0.336417342411576,0.156425240662545,0.0669513366110073
2,1000,384,0.0243292734207985,0.320902421795679,0.133042543649865,0.0498190932606009
2,1000,385,0.031452480624689,0.335125598287103,0.134705600563055,0.0778968802093642
2,1000,386,0.025595768261494,0.325413014095788,0.146538737771183,0.0438046162730827
2,1000,387,0.033579523198777,0.321338174556624,0.131519543603639,0.0677441730354154
2,1000,388,0.0234696507821666,0.327852810073124,0.145102204958649,0.0648296718529329
2,1000,389,0.0239385747322516,0.331980154689545,0.147612574459674,0.0504954896139624
2,1000,390,0.0224080360561787,0.327733897590566,0.140415928719205,0.0512223928839499
2,1000,391,0.0223970273714924,0.331919049110564,0.147332867086034,0.0546190060466449
2,1000,392,0.029909948710126,0.328548698916109,0.140084403629991,0.0437135072718502
2,1000,393,0.0262338854022579,0.329570461726233,0.129899922097274,0.0449692697041144
2,1000,394,0.0264547180089589,0.320757695585143,0.133160951593635,0.0323427445993818
2,1000,395,0.0218072177863697,0.323313237220723,0.121789163594155,0.03690896259478
2,1000,396,0.0231566901385138,0.331865125291438,0.128122608790451,0.0410224368158287
2,1000,397,0.0224437181142763,0.326261501336929,0.134850433701108,0.050216947878174
2,1000,398,0.0308776011371958,0.324531722388166,0.167252279817764,0.0605064978144025
2,1000,399,0.021436331953272,0.326564463087205,0.167640501513603,0.067544707640792
2,1000,400,0.0262496774826013,0.334459078385859,0.127033834427125,0.0547183144258492
2,1000,401,0.0238270798618845,0.31840597929996,0.128420612341304,0.0603209637990965
2,1000,402,0.020152697667297,0.325154608012049,0.137600731239811,0.0525092831826124
2,1000,403,0.0249658236489878,0.325548844655307,0.128193690682324,0.0578610724783601
2,1000,404,0.0287588131661494,0.329210742479261,0.138129025141143,0.0720492751776334
2,1000,405,0.0224213451131785,0.329762454605542,0.134760224973195,0.0378213553829618
2,1000,406,0.0251996064771631,0.331689447206491,0.152589504358865,0.042063691611768
2,1000,407,0.0282726346801552,0.320349404037298,0.1400759917247,0.0637383032085841
2,1000,408,0.0301827038982236,0.327024528192584,0.120147344563528,0.0587746040384518
2,1000,409,0.0277523928734162,0.330223677282421,0.141584888914666,0.115803661254724
2,1000,410,0.0299331695393372,0.333593506593676,0.121864558509626,0.0665959126444033
2,1000,411,0.0236513964778822,0.32296962492994,0.129189615500469,0.046154353705546
2,1000,412,0.0235805360026697,0.338697375917956,0.157728946832198,0.0519755257586472
2,1000,413,0.0283469143073907,0.326282243074673,0.151029048612238,0.0383354938968954
2,1000,414,0.0264557379310604,0.318839033324824,0.145976654884104,0.0640481141691205
2,1000,415,0.0229370000456404,0.337129263000608,0.134259956960498,0.0711193264604222
2,1000,416,0.0262528183062143,0.325450950382516,0.122001762488268,0.0441869760355189
2,1000,417,0.0262483552230743,0.33418759864555,0.12382038036315,0.0451731334412486
2,1000,418,0.0235005671150943,0.329338754671455,0.136631439199609,0.061887024994187
2,1000,419,0.0302264683894089,0.33243645297569,0.139505130140943,0.0536275164439683
2,1000,420,0.0239023210790632,0.323769286495309,0.140081485280632,0.0548365321690907
2,1000,421,0.0192391196827064,0.328411920969149,0.142322546556032,0.042081570776457
2,1000,422,0.0233845463195335,0.324022507027556,0.144622903097908,0.10243003080216
2,1000,423,0.0247029820108562,0.331143356282166,0.154476296231512,0.0417554914304454
2,1000,424,0.0238919436485472,0.333419453686856,0.141090228656473,0.0569854148487918
2,1000,425,0.0227283598241623,0.321015423154051,0.126953051139347,0.0695837473143801
2,1000,426,0.0237301674002566,0.33095573110725,0.150158052205098,0.0570207907047482
2,1000,427,0.0183028447798288,0.328371887893524,0.110166991377947,0.0581916614283939
2,1000,428,0.0256074295223352,0.337011000167408,0.148516480536289,0.0442761588236225
2,1000,429,0.0273485757241052,0.332428488605063,0.137365739889999,0.0442268685833902
2,1000,430,0.0251688412557656,0.330533122281047,0.150440826253859,0.0657038156084415
2,1000,431,0.0287639054727393,0.334678498606772,0.140201527864161,0.0517195596470719
2,1000,432,0.0276933203561394,0.324420962524496,0.135914820670296,0.0768608063552314
2,1000,433,0.0221260511941554,0.327593757409943,0.141087181041134,0.0554696904380545
2,1000,434,0.0230626314827689,0.329827795652885,0.148823112387633,0.060631035110545
2,1000,435,0.0271346735248408,0.323140103912812,0.135238098069703,0.0586561768461846
2,1000,436,0.0207851327097117,0.320943301574788,0.128696901610116,0.0383889972366955
2,1000,437,0.0228334124178293,0.316245261057531,0.112867112930396,0.0383374368269132
2,1000,438,0.022369109253991,0.326699996426758,0.139196362317743,0.0651718319691437
2,1000,439,0.0314850475896049,0.316831418178227,0.1412633977493,0.0500965263152016
2,1000,440,0.0336085757362787,0.336387659510333,0.158328357999427,0.0588734816342742
2,1000,441,0.0227981750456139,0.325604492678962,0.153947185211887,0.0262345773705286
2,1000,442,0.0243861631220779,0.324828081536221,0.112436347937096,0.0606933856083516
2,1000,443,0.0262678779136156,0.338568178743991,0.127076748546058,0.0453986212634732
2,1000,444,0.0292158166490173,0.320661948280793,0.123727740964187,0.0564833325336984
2,1000,445,0.0301719974506929,0.318341644217277,0.14089180348903,0.031767887346269
2,1000,446,0.0284241749686061,0.324432760027974,0.166204285715204,0.0661966303809922
2,1000,447,0.0242717918996356,0.330507365808782,0.152508028468719,0.0560617506041159
2,1000,448,0.0284088341907984,0.330033123184936,0.119773248714545,0.0433143996806751
2,1000,449,0.0258205163487149,0.341245032048749,0.133358637162403,0.0395953871045591
2,1000,450,0.0251699877271705,0.326213735652493,0.157617330825685,0.0446128357859232
2,1000,451,0.0253115109466275,0.326081864972832,0.160326694463158,0.0612676336267086
2,1000,452,0.027903665748936,0.325378905506237,0.126329578566126,0.0773018947745812
2,1000,453,0.0238774778691344,0.326283038174271,0.135745480693638,0.0418448520452823
2,1000,454,0.0272200571307899,0.331442126792987,0.132640643860651,0.0397718555112885
2,1000,455,0.0221458776262262,0.3329575438226,0.146833004112632,0.0551558835979911
2,1000,456,0.0228231011112001,0.33051857008746,0.133575592500157,0.03971953105614
2,1000,457,0.0242721367207359,0.327363293210105,0.130660591148169,0.0668185331592257
2,1000,458,0.0249569875313465,0.326475292489108,0.138337930613799,0.0515443173351673
2,1000,459,0.0224008609029145,0.326661150035559,0.145649214479204,0.0540683136430946
2,1000,460,0.0258242796328734,0.324809406641462,0.132112608560451,0.0653342569901951
2,1000,461,0.025646519502484,0.331998777176955,0.130793264396563,0.0405400348465377
2,1000,462,0.0199233789117503,0.319350818995635,0.137392700474389,0.0426702471597433
2,1000,463,0.0238501510688613,0.328892121650851,0.159148374147702,0.0451201030701898
2,1000,464,0.0186030564927981,0.328674201555524,0.156115735372822,0.0450459291395915
2,1000,465,0.0289944652687117,0.325150153682271,0.155571574658177,0.051716121751173
2,1000,466,0.0315915132046007,0.332550644020944,0.156390430978705,0.0551732520880905
2,1000,467,0.0221757664801241,0.340048413402334,0.130589488814694,0.0309928887739028
2,1000,468,0.0258948089079269,0.329617750848794,0.128883913845389,0.0688226688117439
2,1000,469,0.0215083503179232,0.331466971578805,0.14240454822008,0.0720287276727383
2,1000,470,0.0198521162792873,0.331622566908344,0.139365513893358,0.0479241303435696
2,1000,471,0.0206615099212653,0.321402681452472,0.116588193416495,0.0484308069533035
2,1000,472,0.0224260779042906,0.320863521511673,0.137546356891679,0.053248509864938
2,1000,473,0.0210733982728903,0.326034327253066,0.151755485101214,0.0650144386042528
2,1000,474,0.0212242640862441,0.323463163653289,0.129138561635834,0.0504402130612713
2,1000,475,0.0297470863972047,0.327027251878413,0.159367517318856,0.0609300878160759
2,1000,476,0.0249910524433474,0.336652655846163,0.137583154253221,0.0383789639614185
2,1000,477,0.023703026370153,0.333753116285027,0.131684365979399,0.0516919788035775
2,1000,478,0.0274447319602897,0.329755940982311,0.117552959008428,0.0544496357170099
2,1000,479,0.0250259547242506,0.334576230655208,0.147326711535633,0.0468577375947841
2,1000,480,0.0290300915752311,0.328842395192354,0.140579325367539,0.0594406849747171
2,1000,481,0.0256123562130002,0.327123622302873,0.122832209674284,0.0379434320252725
2,1000,482,0.0290601513417899,0.32701435573037,0.152062470073135,0.0469462639586911
2,1000,483,0.0229923681655859,0.316176074615831,0.140564346967692,0.0499358168647168
2,1000,484,0.0282622518138085,0.328993369022657,0.121057485029397,0.0710684611522363
2,1000,485,0.0299595857742809,0.330298066259046,0.151571415430053,0.0522143885397148
2,1000,486,0.0260751198134783,0.335225346915108,0.141644869269123,0.0543281290455373
2,1000,487,0.023777630420823,0.333827333822654,0.153459279914775,0.0556844106119045
2,1000,488,0.0257161656871674,0.329052706281989,0.145533652750987,0.0357832082258516
2,1000,489,0.0285765737380559,0.331856179716433,0.118535731448376,0.0605356971534372
2,1000,490,0.0226941351574617,0.331634538424634,0.136337626252713,0.0490818349786326
2,1000,491,0.0234295698794262,0.330285108350401,0.144307903504634,0.0379194054290195
2,1000,492,0.0222542588295616,0.337459208756661,0.136149849604234,0.0585039855213467
2,1000,493,0.0215754149777112,0.321928769949775,0.131456585300874,0.0433095637296268
2,1000,494,0.0250810974766902,0.333435597756527,0.137010629513471,0.052038038087179
2,1000,495,0.0248549957834439,0.329551323281656,0.145833863840933,0.0756503224762568
2,1000,496,0.0210528555685092,0.326818631027374,0.150505543133018,0.0630075788228215
2,1000,497,0.0314433481400638,0.338271155320964,0.161145414633266,0.0792456861249276
2,1000,498,0.0242908396232568,0.320814581314775,0.157920792229892,0.0356012936141563
2,1000,499,0.0273330533731089,0.325661674527531,0.168132506390156,0.052545805301353
2,1000,500,0.0214912672489767,0.329651485195829,0.142105119936262,0.0453906571560381
2,1500,1,0.0226429247264022,0.328042317968096,0.141459983272715,0.032150437996245
2,1500,2,0.0214483123814648,0.31768479170738,0.138491724592131,0.0217646833906688
2,1500,3,0.0269920832136381,0.337833355785427,0.143178648633439,0.0313497248764369
2,1500,4,0.0235739620667974,0.330815493974254,0.130103383907396,0.0275199138967444
2,1500,5,0.0189781246752891,0.332245686055241,0.135164968149792,0.0305781916349246
2,1500,6,0.026557272185636,0.325406994370407,0.125520334609673,0.0568155269441468
2,1500,7,0.0205601434026697,0.324475551218917,0.123893402912226,0.0285816765695912
2,1500,8,0.0232221498275034,0.32525650330262,0.133734327160511,0.0345022313859615
2,1500,9,0.0251541463022384,0.334997733218572,0.141554916167046,0.0393071005002472
2,1500,10,0.0250388088688129,0.3216900088374,0.146124080706046,0.0335568984877133
2,1500,11,0.0211907302810797,0.325233154430558,0.138750422410661,0.0371751261000017
2,1500,12,0.023921030068569,0.328288368944375,0.136266590985871,0.0358682930537653
2,1500,13,0.0237335655939614,0.315050874108316,0.13739298366657,0.0384485300255741
2,1500,14,0.0199067657033305,0.329230973330443,0.131452237113488,0.0322957835652911
2,1500,15,0.0248912328760429,0.32167784484034,0.141579806829667,0.0500559845557118
2,1500,16,0.0266833795328227,0.327548198477352,0.141269045829402,0.041598039697393
2,1500,17,0.0183032917398298,0.325897960338926,0.141488624675136,0.0358822363885476
2,1500,18,0.0219136860491984,0.317171318651567,0.118319985174804,0.0346893758699134
2,1500,19,0.0251059906069033,0.326654373805161,0.146191571450174,0.0662024822196756
2,1500,20,0.0211306298373999,0.334368447403034,0.120256985609158,0.037879407280474
2,1500,21,0.0269562493972628,0.328221436417667,0.139899246871303,0.036337255704576
2,1500,22,0.026401052593245,0.325695142246456,0.117032333312379,0.0325615012737972
2,1500,23,0.0202922029199883,0.325230115394078,0.146434853871075,0.0314493425929463
2,1500,24,0.0259527745945631,0.327425452386915,0.135590850123023,0.0410636694604998
2,1500,25,0.0232964633758599,0.332575631259267,0.144813945582745,0.048199182427753
2,1500,26,0.0256516628689349,0.325569419894416,0.12037943344193,0.0365513374866364
2,1500,27,0.0230396370450612,0.332387977195064,0.123130079155853,0.0334073571395033
2,1500,28,0.0221694192215363,0.331191226859227,0.144237906143391,0.0337297769319747
2,1500,29,0.0202431161748862,0.321282347831103,0.12675016739722,0.0331943155078893
2,1500,30,0.0231077997957052,0.3197696806161,0.146867179206233,0.0356657515445169
2,1500,31,0.0208127558787277,0.322234642641221,0.114502244660309,0.0339816400440904
2,1500,32,0.0241822584491547,0.32109975515822,0.156976594598105,0.0327897974223079
2,1500,33,0.0214103739517715,0.328552849508426,0.122762886516424,0.0293914085671498
2,1500,34,0.0255657804249121,0.321647146117983,0.126693483595545,0.0310540214874038
2,1500,35,0.0232193559935792,0.330426816195884,0.155837942823101,0.0295815565256803
2,1500,36,0.02251551384555,0.3255594176589,0.146723633897368,0.0261714571137324
2,1500,37,0.0262593190632991,0.322090846044144,0.142493828806088,0.033922732726458
2,1500,38,0.0244801440068247,0.336069400311051,0.153259282329343,0.0196847216299665
2,1500,39,0.0217680394872515,0.330988382901279,0.131692820697952,0.0367771408308633
2,1500,40,0.0211884750077942,0.321534504048333,0.121095076838533,0.0395412574298082
2,1500,41,0.0258669743660318,0.329887208365997,0.135895907385601,0.0323755795064533
2,1500,42,0.0255552040940361,0.33338068589291,0.133205673681918,0.0576889493282724
2,1500,43,0.0230600242683183,0.331263364730814,0.130424736942894,0.0362697208490039
2,1500,44,0.0227527819863071,0.319069292756481,0.146513440740323,0.0347218540273033
2,1500,45,0.0231079554209619,0.326323667839727,0.145067797703665,0.0449570096837593
2,1500,46,0.0210748930463831,0.329237102762073,0.119529684165831,0.0334585683828041
2,1500,47,0.0209001940849713,0.328997238600622,0.139305578499235,0.0308415299276665
2,1500,48,0.0286525999633684,0.325814753391469,0.143351399866389,0.0275478160224898
2,1500,49,0.0232427940327109,0.332561902857842,0.146837731280268,0.0527700668002762
2,1500,50,0.029090613936599,0.332268161735562,0.139701661994706,0.0385642525480741
2,1500,51,0.021986250337835,0.322528793786617,0.130548210809311,0.0319334447401192
2,1500,52,0.0236691469118953,0.322224185986405,0.118601215565625,1.31021249873971
2,1500,53,0.0221312533648885,0.326416343786281,0.13095250934852,0.0335888429318121
2,1500,54,0.0261753408076792,0.33012876913857,0.155122113332098,0.0384524771613757
2,1500,55,0.0285448491274902,0.336339702960013,0.131008640088895,0.0453641082526086
2,1500,56,0.0229154034372598,0.318403176901511,0.155656386121479,0.0330751986012923
2,1500,57,0.0191695770559908,0.320668941814641,0.13043687673762,0.0352889013295639
2,1500,58,0.0211848246653183,0.335451547126233,0.142387983501347,0.0396283072537913
2,1500,59,0.0220140883445348,0.320645373070159,0.121963869228355,0.0368130677688272
2,1500,60,0.0214421955377504,0.3241019769872,0.140364113206451,0.0401983885242336
2,1500,61,0.0248000212397304,0.329647393636217,0.115883889189266,0.0293384683775468
2,1500,62,0.0239896623325428,0.320409022904014,0.129536482331648,0.038917506747334
2,1500,63,0.0212519687532402,0.327459510230645,0.145479614455707,0.0226547970110378
2,1500,64,0.0218338953134374,0.331893482915776,0.135500027533888,0.0363690510099639
2,1500,65,0.0224019012146901,0.335052085292702,0.155426847154155,0.0270776559768944
2,1500,66,0.0220190676215801,0.327612194512962,0.13142651235333,0.0273707698801051
2,1500,67,0.0258726761044523,0.329768389481741,0.143324131841048,0.0259371884995305
2,1500,68,0.0287167039494638,0.325775763327564,0.136859551503457,0.041868983604068
2,1500,69,0.0220749334174122,0.318299892186708,0.121459591728242,0.038594996895295
2,1500,70,0.0248761973223028,0.330304776570716,0.13712706686565,0.0374947829501981
2,1500,71,0.0205465906120679,0.323110857903597,0.118660423247379,0.0319174049063566
2,1500,72,0.0196254342828044,0.335186742749604,0.168402960103203,0.0296415916075206
2,1500,73,0.0265449511164215,0.327085969617897,0.147985978208725,0.0363241451922787
2,1500,74,0.0237254037461549,0.3298808901338,0.108844206279103,0.0467766740057936
2,1500,75,0.0204705943754728,0.321778603175736,0.128698563069567,0.0426334297528583
2,1500,76,0.0302510941693974,0.329342186486801,0.141339431389597,0.036916748775383
2,1500,77,0.0233587120317749,0.329573060676694,0.122596390065238,0.0302648579630107
2,1500,78,0.0211036294193383,0.326035553064471,0.133822270696123,0.0564076772257029
2,1500,79,0.0230501564207433,0.328533192164622,0.140451942975636,0.0456628417352754
2,1500,80,0.0216559158560046,0.324014996712721,0.139001832634439,0.0352110672786348
2,1500,81,0.0212786134768594,0.329914582802405,0.127405620279506,0.0509257527329339
2,1500,82,0.0258938306155099,0.330760578088477,0.139104041518863,0.0399434549463311
2,1500,83,0.0274066159623589,0.334020120789542,0.148867493244718,0.0410876078607427
2,1500,84,0.0234195423733459,0.321124724361128,0.115791010097535,0.025247067450219
2,1500,85,0.0220944846473399,0.321552554472359,0.112162020723841,0.0478399317124028
2,1500,86,0.0217146821340752,0.335088995895113,0.138794047117406,0.0278725683714276
2,1500,87,0.022540880307711,0.328426896253387,0.137678650511286,0.0609097461051564
2,1500,88,0.0206504854084157,0.309000687167393,0.127720594380124,0.0241803703030314
2,1500,89,0.0236601896648287,0.324665930203163,0.126867264709227,0.0313677725356429
2,1500,90,0.0275377820494558,0.334915536862596,0.132814079026518,0.0432273514381896
2,1500,91,0.0205532182667205,0.323875393542986,0.121534804252964,0.026252911389685
2,1500,92,0.0217618030300026,0.325910885917898,0.11807831030419,0.069326898548064
2,1500,93,0.0241588993539574,0.326944249685135,0.120139243702871,0.0419839321583126
2,1500,94,0.0261130640695053,0.338655924361541,0.139771644828458,0.0412105695825169
2,1500,95,0.0256448127263442,0.32742460002333,0.127380656031616,0.0342776723195961
2,1500,96,0.0276454561024919,0.326050856519032,0.165581388599378,0.0426205066936782
2,1500,97,0.0281401510537376,0.333609299518978,0.13138401916552,0.0295188944905926
2,1500,98,0.0236484376522554,0.328551009692776,0.124841498231891,0.0424560851857196
2,1500,99,0.0209032432785783,0.336998502299287,0.150153651667643,0.0240329471737708
2,1500,100,0.0390566869561371,0.334027680761871,0.161473169557131,0.0399789404815252
2,1500,101,0.0259085517805715,0.32851129819344,0.138678731259277,0.0264417747398518
2,1500,102,0.0205604565612163,0.328852887344781,0.13047727184395,0.0342151866263112
2,1500,103,0.0289398941988737,0.333162634047526,0.135606971322918,0.0389787570711964
2,1500,104,0.0210009164821019,0.321569958323617,0.128677776367908,0.028144260532682
2,1500,105,0.0221618889129349,0.325102397569906,0.128341878137058,0.0388470884914487
2,1500,106,0.0219018439927483,0.324680264959232,0.136990345006391,0.0419621484147148
2,1500,107,0.0204603214870953,0.313593456912739,0.127036712374844,0.0217250449562352
2,1500,108,0.0206252374509619,0.324460846796111,0.157445143485295,0.0370904728257258
2,1500,109,0.0228547283268459,0.326429822607822,0.137344609797529,0.0358517814753536
2,1500,110,0.0220785959228207,0.33248496551565,0.12821958852256,0.0370023466973939
2,1500,111,0.0242017622484412,0.329124304122376,0.136029298984089,0.0373402534259146
2,1500,112,0.025262645146511,0.326956921100753,0.157830863608646,0.0262932294783749
2,1500,113,0.0245505714580094,0.323393209596949,0.129283203040247,0.0516032550897312
2,1500,114,0.0228361487464694,0.336478560150446,0.13375496717393,0.0269420168422525
2,1500,115,0.0226190721283424,0.315486810830136,0.124120685369931,0.0286204680986311
2,1500,116,0.0203982142767929,0.31830858776515,0.140979641099082,0.0334165386729413
2,1500,117,0.0267370920140133,0.325542567466741,0.133190883754948,0.0347950169732327
2,1500,118,0.0283887824882221,0.322199996893286,0.144194248856816,0.0328143861842962
2,1500,119,0.0172299031921954,0.330144880819188,0.133808713620904,0.0237660113182272
2,1500,120,0.0227018824357386,0.317948178988881,0.129532967352047,0.0360264322955786
2,1500,121,0.025229862808323,0.331844552903479,0.15099777711865,0.041773178222003
2,1500,122,0.0240426211480202,0.321728802419698,0.132585870825902,0.0467354920531102
2,1500,123,0.0215976140987635,0.333789271006323,0.170121397255347,0.033135745380604
2,1500,124,0.0251329814843411,0.328235024210815,0.148852521608528,0.0260957081061495
2,1500,125,0.0202424764700757,0.330519914933147,0.145440627768117,0.0329091574637295
2,1500,126,0.0252138888264066,0.332751872661872,0.134028934749163,0.0472586673739692
2,1500,127,0.0257079652717596,0.335206441580337,0.147637848902242,0.0286122778537332
2,1500,128,0.0242622543677957,0.329197641198731,0.141319293771012,0.0323964875174962
2,1500,129,0.0259063779507784,0.320658786123025,0.139174790853533,0.0252325818954575
2,1500,130,0.0226488629187775,0.326336953813296,0.169607919202668,0.0328536249716982
2,1500,131,0.0230200183240747,0.333848996662657,0.139657737927247,0.0404117921345355
2,1500,132,0.0217586049508938,0.343279716875017,0.148979078623161,0.0336036257192345
2,1500,133,0.0273380217377268,0.317468896539145,0.119713615303517,0.0213156501147846
2,1500,134,0.0205168044307562,0.320922439829123,0.145783803648543,0.0282181598693678
2,1500,135,0.020114433528801,0.33316177976542,0.149622239350513,0.0296848429455809
2,1500,136,0.0284941105244803,0.31823237262543,0.14769105971361,0.0338936093089308
2,1500,137,0.0243328468113728,0.329958555997507,0.13863138734958,0.0381885035184955
2,1500,138,0.0236103391714808,0.332899899439916,0.132677776599846,0.0362591712409361
2,1500,139,0.0207795564826634,0.323193300926078,0.133877353879883,0.0239513570669596
2,1500,140,0.0249527694648521,0.318392936690604,0.157318958138005,0.0351005778807199
2,1500,141,0.0232641706947321,0.331973550893775,0.130134030922776,0.0326687681747471
2,1500,142,0.0198109115629796,0.333115988814131,0.140028339719831,0.038418027056119
2,1500,143,0.0257562048718909,0.333507472758521,0.154446290698508,0.0373167138972021
2,1500,144,0.0250006495850514,0.33528870162048,0.143286957797532,0.0432897532648415
2,1500,145,0.0271377076664789,0.323741694316521,0.117319432106792,0.0299797868938139
2,1500,146,0.0265619978584164,0.331720436153995,0.144291201384878,0.0348992474378977
2,1500,147,0.0208670530607848,0.328177536484486,0.14136194208136,0.0315626695747826
2,1500,148,0.022465080967375,0.326298392435881,0.133960678956101,0.0310954972972992
2,1500,149,0.0269063017766036,0.329443288910476,0.123022236265574,0.0295349050526623
2,1500,150,0.0254097011779497,0.329729799335867,0.121721227694433,0.0669668482284707
2,1500,151,0.0232011382871335,0.315791885939662,0.132751531231336,0.0223029428884494
2,1500,152,0.0226409576323343,0.333952074716156,0.12619462167819,0.0279316607260933
2,1500,153,0.0254726652553141,0.328357290957121,0.12464543012303,0.0247755755656931
2,1500,154,0.0195055532142583,0.325342120536166,0.133604541725782,0.0399916848652757
2,1500,155,0.0256487807045089,0.335039779640742,0.146045943849267,0.0394454619312066
2,1500,156,0.0176526159358064,0.316480403503639,0.12915463899703,0.0308612520041756
2,1500,157,0.0226562911207167,0.339273349929025,0.147176160313729,0.0327054740843278
2,1500,158,0.0201193731094542,0.332821246122721,0.128211758216441,0.0493232304614688
2,1500,159,0.0208660702514534,0.326281546263937,0.139155570966919,0.0496189676166754
2,1500,160,0.0215401288216963,0.324491079931336,0.14920317480482,0.0399376500307269
2,1500,161,0.0208620812331584,0.325673021029557,0.121273460680683,0.0351880746318154
2,1500,162,0.0246493793541922,0.3394719771549,0.139273332930416,0.0338384157130687
2,1500,163,0.0249649021636271,0.325822952449426,0.131688761025406,0.03142586511127
2,1500,164,0.0229305536594415,0.322093388600734,0.132200071864687,0.0304238766017426
2,1500,165,0.020776915409757,0.326106584119923,0.134006431568955,0.026954415548615
2,1500,166,0.0223019691615089,0.326071009788307,0.133489741444591,0.0396757372635186
2,1500,167,0.0202767960889356,0.328803382638504,0.139007004213571,0.0397844928886182
2,1500,168,0.0235491718677556,0.338152369536232,0.132491715774709,0.0368300535297761
2,1500,169,0.0228387452388299,0.334310625659219,0.134537772959684,0.0708986922827191
2,1500,170,0.0247171753105364,0.332692492322673,0.157582015866493,0.0328918784715682
2,1500,171,0.0216614573493856,0.330690979832186,0.144997180818929,0.0309861521412542
2,1500,172,0.0261462151827223,0.332208357096049,0.129366275762968,0.0323136810008577
2,1500,173,0.021040926716982,0.327259129271693,0.133957932013884,0.0401523384875495
2,1500,174,0.0252915001333718,0.320472827236773,0.13376151433101,0.0400361318945464
2,1500,175,0.022979501833138,0.32184828752911,0.141066538357527,0.0326911879190273
2,1500,176,0.0230040773323195,0.320518601794225,0.14064989166618,0.0410204700550802
2,1500,177,0.0231735588061772,0.330924957691729,0.117232414550396,0.0508192746700797
2,1500,178,0.0235967529942251,0.330088826069338,0.165912454995379,0.0362640214231456
2,1500,179,0.0223594336171757,0.326564762609518,0.126894169951414,0.0499813252371502
2,1500,180,0.0310341736173736,0.331868405779855,0.150381651551421,0.0367085305548158
2,1500,181,0.0244937319171976,0.317270676072666,0.124903256648062,0.0279562201119552
2,1500,182,0.0254407424232619,0.33251711613462,0.133043780752248,0.0380062562427099
2,1500,183,0.0199685902732496,0.321503890418348,0.148724597466536,0.0385713251641937
2,1500,184,0.0230085631302548,0.332787533220813,0.103797475376569,0.0434412349111557
2,1500,185,0.0220674920408401,0.326858865735075,0.133978116552852,0.0293725236775093
2,1500,186,0.0241645899333671,0.330409107036872,0.144433029695854,0.0265248073759756
2,1500,187,0.0191958459345272,0.318951363306567,0.122915347752093,0.0541370960709269
2,1500,188,0.0216925293675174,0.330533721099615,0.140628515238664,0.0321475261837367
2,1500,189,0.0319061910248566,0.329234072173056,0.115865913791707,0.0265257465623434
2,1500,190,0.021950910863608,0.32836801291017,0.136714673496251,0.0289144665111585
2,1500,191,0.024006660597544,0.33654794991635,0.147614076149648,0.0291710138816508
2,1500,192,0.0237109428804281,0.331628993803409,0.132562768308061,0.0308535284516478
2,1500,193,0.0237488736919949,0.330489024582292,0.148719883619195,0.0347127711122879
2,1500,194,0.0228191543322169,0.33010329894326,0.139902566000962,0.0388715204379666
2,1500,195,0.0221972176102994,0.33972413380919,0.150804714048228,0.0167432953897639
2,1500,196,0.0209242792414071,0.323923195439302,0.127401304780622,0.0323979779803119
2,1500,197,0.0190413454738196,0.315156541186046,0.130695055950731,0.0419893749387079
2,1500,198,0.0246624837729197,0.323826273460873,0.143508044941767,0.0321966819687793
2,1500,199,0.0207876060846064,0.330285037044899,0.136816381756953,0.023793777051782
2,1500,200,0.0210486277839714,0.329331395305789,0.128436644112554,0.0305530820033704
2,1500,201,0.0236075695765467,0.329120885036274,0.155987411098636,0.0254265986186182
2,1500,202,0.0252681450433876,0.327947773175851,0.156681115469023,0.0489160365758634
2,1500,203,0.022004809458003,0.32500441206885,0.144922659447553,0.0351186097319567
2,1500,204,0.0206101952901394,0.331624155392317,0.145551098511033,0.0208348914931145
2,1500,205,0.0213294814828635,0.324582491496308,0.103338179424406,0.0247257470918534
2,1500,206,0.0236454922110905,0.334275975851802,0.139008560195088,0.0460844509108767
2,1500,207,0.0239974720769474,0.334935030916298,0.15223492411595,0.0332871110516313
2,1500,208,0.0209245990696705,0.315850382721433,0.135987304351663,0.0200780957870677
2,1500,209,0.02326983505165,0.338012422571804,0.132697220888429,0.0273139914871543
2,1500,210,0.0199218757888024,0.328486502455958,0.112132464283707,0.0245177575352435
2,1500,211,0.0229494096558565,0.323251048294307,0.114448444174708,0.0269081443122585
2,1500,212,0.0243787573280048,0.334823266334556,0.144182698958059,0.0456547117438268
2,1500,213,0.0203499441654396,0.325131813697067,0.12641225347255,0.0302141284004458
2,1500,214,0.0217577753100819,0.321468892261325,0.142369405864764,0.0371548222746878
2,1500,215,0.0196736804716604,0.332574371931325,0.146490289099933,0.0366019192305036
2,1500,216,0.024708941255793,0.332331978357601,0.149337304969378,0.0257595222064517
2,1500,217,0.021350337702664,0.329734247622584,0.14443534795797,0.0381435328799136
2,1500,218,0.026461981932844,0.337635043178224,0.142112729044635,0.0298369084191392
2,1500,219,0.0250415820159533,0.326205070375863,0.156626019506247,0.0383113543719198
2,1500,220,0.0233177201749775,0.331773942429372,0.163701238851428,0.0356273627249772
2,1500,221,0.0185749028734217,0.328491273263851,0.133566524120617,0.0336728200638707
2,1500,222,0.0208787087157516,0.332834587837312,0.144232039366068,0.0395432499261705
2,1500,223,0.0242938385579019,0.320924027147669,0.121841303938896,0.044112850641028
2,1500,224,0.0282315118697674,0.330719998701214,0.147917523787863,0.0379259773413942
2,1500,225,0.0269925334078747,0.340848066197448,0.13669981318107,0.0376369759083084
2,1500,226,0.0235643474259375,0.326152614586841,0.141205449950189,0.0266525005557048
2,1500,227,0.0256916964269014,0.331885906722795,0.130321680877838,0.0366582439854901
2,1500,228,0.0225048576082285,0.333242290865524,0.127449744503306,0.0239846090164324
2,1500,229,0.0215236986588268,0.333672663049529,0.161646585521631,0.0348600690630954
2,1500,230,0.025178177674944,0.335920108212839,0.134439296005252,0.0277487144883224
2,1500,231,0.0229836557844445,0.328230542331063,0.154280649887271,0.0419468535919412
2,1500,232,0.0222283788368076,0.330288731890246,0.143270649101571,0.0413174407607622
2,1500,233,0.0198302194813611,0.325568241603801,0.144574299613739,0.0350505491797941
2,1500,234,0.0250108476167537,0.333085135206185,0.147483856757377,0.038284600701658
2,1500,235,0.0234427004057138,0.335937692294217,0.145273442059515,0.0464990170877773
2,1500,236,0.0220334369155988,0.325630133937405,0.13039928821787,0.0391450528664872
2,1500,237,0.0225664126770424,0.327064061414088,0.141550941408337,0.0343904056004751
2,1500,238,0.0234430935298984,0.323621909231866,0.140226495186184,0.0331125879640397
2,1500,239,0.0227880952230683,0.335132831759514,0.14069564668691,0.0288735132654552
2,1500,240,0.0208976146247022,0.323305508444732,0.134063067475267,0.0321884211789703
2,1500,241,0.0188480584883213,0.330793305281794,0.129915930117274,0.0338671565345892
2,1500,242,0.0212826780921034,0.332829829357437,0.148717666923349,0.018264858007772
2,1500,243,0.0249891771036979,0.336868226910966,0.127775437296927,0.0319179519920583
2,1500,244,0.0298689733441195,0.343232462769908,0.154479183989668,0.0831579683549188
2,1500,245,0.0269829374123811,0.326264949921209,0.156518881711411,0.0320507603620521
2,1500,246,0.0236436596123255,0.324579845267539,0.140962378802674,0.0359407807642502
2,1500,247,0.0282626808350888,0.329695820756284,0.149111691677064,0.0342523441574487
2,1500,248,0.0241380183533295,0.333251851250312,0.114488242243067,0.0597769648011306
2,1500,249,0.0249358285707282,0.323608078194127,0.129015014160435,0.036517073285584
2,1500,250,0.0251909693544803,0.325614775500381,0.116321359015049,0.0287700398897146
2,1500,251,0.0225005670897256,0.328840642858825,0.124642962543227,0.0179550664624388
2,1500,252,0.0214329520864562,0.329197276211743,0.127725478880087,0.0471194703673214
2,1500,253,0.0233151366359392,0.320935724878024,0.132283398556315,0.030687409801591
2,1500,254,0.0257308613694447,0.3274226569159,0.112718403225364,0.0354477986319006
2,1500,255,0.019739506919408,0.325432597940147,0.127124985802977,0.0469705446706388
2,1500,256,0.0206172736587431,0.325318306093586,0.12028509373817,0.0443018158549313
2,1500,257,0.0229135069528881,0.329750183992089,0.132048928637438,0.0450448065535327
2,1500,258,0.0205062663740003,0.321869427588203,0.131988443334618,0.0331603864467787
2,1500,259,0.022603556249954,0.325757878672859,0.123989977898836,0.0354464826499157
2,1500,260,0.0189595092420787,0.327532890920767,0.123444786103109,0.0402380394884987
2,1500,261,0.0217968293859745,0.334339344507128,0.131920111906944,0.0340675326865922
2,1500,262,0.0193973978578625,0.323380113725238,0.144608586327153,0.0306119586013842
2,1500,263,0.0201079733623286,0.334602033637545,0.139632622884672,0.0369609894088003
2,1500,264,0.0210573793156319,0.32856605625399,0.143612377702585,0.0239963479914169
2,1500,265,0.0231194289891867,0.325508727234958,0.116275574056711,0.0284072261563664
2,1500,266,0.0235958656751238,0.328584255663946,0.126010903878168,0.0366202890158509
2,1500,267,0.0254571834342454,0.321554909614,0.131431704463543,0.0327072853230461
2,1500,268,0.0201274737947268,0.321531361869332,0.126006462606357,0.033622322488172
2,1500,269,0.0198040124854861,0.327402849698098,0.156292321057425,0.0416559511179118
2,1500,270,0.025520808299013,0.332865383783907,0.154175679783672,0.0255707815169666
2,1500,271,0.0234754168319729,0.330382005108923,0.149483868922935,0.026278021472204
2,1500,272,0.0193460255968687,0.329346494700344,0.132428483864755,0.0380477565821313
2,1500,273,0.0214662475112621,0.323293982263452,0.124783176639849,0.0306795539121016
2,1500,274,0.0230131378605982,0.334074850002152,0.132863821724609,0.0415297726425796
2,1500,275,0.0220124035492912,0.324417695931727,0.116317770292658,0.0500457852171343
2,1500,276,0.0201011097047619,0.331556590836762,0.121428560074111,0.0284066319363141
2,1500,277,0.021791641350303,0.320780995641464,0.121906791252538,0.0375194119877942
2,1500,278,0.024165088297385,0.33411960671065,0.153598363423729,0.0332090872397732
2,1500,279,0.0245724796819751,0.329059226791221,0.107602850904278,0.0377801497580201
2,1500,280,0.0248466556013243,0.329604893974678,0.12395344398402,0.0239784490975445
2,1500,281,0.0241680592749198,0.326661581932943,0.162234575347211,0.0218431980322913
2,1500,282,0.0239829007063539,0.3219779856447,0.1382159734556,0.0393080634907617
2,1500,283,0.0227505255174263,0.338433454153289,0.155856564554073,0.0368759833769539
2,1500,284,0.0216753837426633,0.323568247125799,0.156612946217601,0.0326403571387348
2,1500,285,0.0251488528277575,0.332226221790252,0.141144215295664,0.0270235758258572
2,1500,286,0.0243726524498677,0.322944639528086,0.127775571746773,0.0436594044730076
2,1500,287,0.0235733612897913,0.326812780858174,0.120624236716178,0.0193392511962382
2,1500,288,0.0266587997724972,0.322293974732489,0.120668175725895,0.0182668931370498
2,1500,289,0.0228687273371762,0.337434169719734,0.161161305349796,0.0386513853745893
2,1500,290,0.0241453144686894,0.330875145078114,0.142601124801112,0.0307210749226934
2,1500,291,0.0227662924002972,0.324133388195263,0.148176850894636,0.0390025768505786
2,1500,292,0.0197275403545509,0.328487514100682,0.138365217627006,0.0438925399016559
2,1500,293,0.0210328840464442,0.325096812814957,0.115720886598876,0.0504635393578612
2,1500,294,0.0231321155837336,0.332465635489222,0.144021726365415,0.04092261995963
2,1500,295,0.0262060337398899,0.334453537072204,0.14282063373027,0.0498504103906794
2,1500,296,0.0214342869540474,0.332079365919953,0.131772173030276,0.0335114592055643
2,1500,297,0.0229782456555039,0.326301922770153,0.139922672529965,0.0362048900877179
2,1500,298,0.0210439913005258,0.3207225610912,0.135270228839174,0.0319035096927032
2,1500,299,0.0240420811682871,0.332234617326715,0.14104861125004,0.0265111644270017
2,1500,300,0.0197712418049696,0.330925676304329,0.156498999120837,0.0242595897122064
2,1500,301,0.0242604373065929,0.33284378313651,0.133215228445007,0.0486170740996621
2,1500,302,0.0244315675258668,0.330555151140469,0.135568273984891,0.0347776966196947
2,1500,303,0.0259249128622858,0.329029247876656,0.117435993607125,0.0362234469303659
2,1500,304,0.0297140721229969,0.335458130600327,0.155681189493193,0.026380646054615
2,1500,305,0.0191236309611882,0.32782553420693,0.139253865031216,0.0349937664886837
2,1500,306,0.0232100889036064,0.331756548069857,0.131888961851748,0.0537624346908905
2,1500,307,0.0218374064996736,0.32969142635831,0.148501887858846,0.0281689827706779
2,1500,308,0.0216215772982251,0.327258616600034,0.132910460018498,0.0304279250823511
2,1500,309,0.026088173853311,0.334756838868926,0.13161630668406,0.0241515019071397
2,1500,310,0.0296081855172881,0.321196927928425,0.164775413350095,0.0454156640885526
2,1500,311,0.0240925641604819,0.328166264378007,0.138248493486822,0.0298484910601577
2,1500,312,0.0266503092056893,0.325939765819379,0.130816172984204,0.0330888328933878
2,1500,313,0.0202021395960621,0.33461426254806,0.148427692029064,0.0247697853807394
2,1500,314,0.0240460729876359,0.329392488679366,0.111326674641065,0.0411364885086312
2,1500,315,0.0247191576219303,0.321753644586216,0.146476117747065,0.0310307319549077
2,1500,316,0.0231777390838748,0.32472811164925,0.119205838839118,0.0362839686159748
2,1500,317,0.0215625283903758,0.319509792790695,0.138533133294316,0.0376057085563288
2,1500,318,0.0318383501498642,0.332888465065277,0.156921979845444,0.0425146113861437
2,1500,319,0.0217670289451342,0.334759214752443,0.150307214958558,0.0317663113655176
2,1500,320,0.0249752622793271,0.327458583258846,0.142554354035586,0.0511979268857508
2,1500,321,0.0236086409967908,0.324089616681208,0.138745079024939,0.0439482397685134
2,1500,322,0.0204154552252842,0.333705082613498,0.120325924690655,0.0474574664885754
2,1500,323,0.0270949051473559,0.333893681486646,0.130409699144237,0.0315230658993129
2,1500,324,0.0209688653184326,0.330289015753107,0.154352330121976,0.0376483102084297
2,1500,325,0.0215415777256818,0.322331590282451,0.139766130818571,0.0391330947223922
2,1500,326,0.0280168081720242,0.334288401310862,0.132782036464454,0.0340663674538011
2,1500,327,0.0212886773110905,0.32626363430204,0.14223554909147,0.0415888864057188
2,1500,328,0.0212452904432539,0.32615195871233,0.142517230628364,0.0461662465463688
2,1500,329,0.0244287128508858,0.330242706058366,0.124610241440043,0.0276770545392624
2,1500,330,0.0293369931310938,0.325016860159035,0.149481797714818,0.0411526073108652
2,1500,331,0.0216551116668904,0.335626762329805,0.121224764257322,0.0389435121525792
2,1500,332,0.022763035752916,0.329626091833528,0.143529603547986,0.049948798829172
2,1500,333,0.024041691548041,0.332710937325051,0.152578143833769,0.0421412800946237
2,1500,334,0.0230673478168615,0.322648621758748,0.148089496015996,0.0340242551361238
2,1500,335,0.0243761304797989,0.334924639042427,0.141463666935738,0.0248652063540267
2,1500,336,0.0226413623818922,0.321154596633976,0.1099727624879,0.0289723439371272
2,1500,337,0.0273457687188554,0.32968500341598,0.111380288511379,0.0380432937172972
2,1500,338,0.0203372823976644,0.328192128630058,0.132372088047208,0.0219064397278887
2,1500,339,0.0228108849407971,0.329795740574994,0.140372007295666,0.0277615723335984
2,1500,340,0.0224612487979792,0.326156027779724,0.137063683955335,0.0398105353933031
2,1500,341,0.0204804832078649,0.32748169998739,0.142895360508761,0.0431252531265764
2,1500,342,0.0253381557758199,0.329580226550168,0.14575977716968,0.0389406804548114
2,1500,343,0.0218549233299616,0.330271339646296,0.157393637747654,0.0423915134894601
2,1500,344,0.0247811853804734,0.336712173939878,0.157722601987857,0.0363692852765225
2,1500,345,0.0208327669789752,0.32670943581865,0.132278472357353,0.383919296021067
2,1500,346,0.0200307469938359,0.328182625906908,0.1330056527949,0.0306997634129957
2,1500,347,0.0233967985891756,0.33529469043651,0.15417374010752,0.0373741675328056
2,1500,348,0.0197724382599547,0.328678758397463,0.166735812199229,0.0553391726879746
2,1500,349,0.0217803095200502,0.327741072317011,0.133253153304174,0.0375990865641458
2,1500,350,0.0228350332856062,0.326820505609767,0.131033263445645,0.0440019118505472
2,1500,351,0.0213243919423578,0.331891814705682,0.129711504537556,0.0262021199254578
2,1500,352,0.0220987307909266,0.326928564730288,0.133667173287372,0.0304299770922662
2,1500,353,0.0284726352627651,0.329790223824081,0.124465661562313,0.0403099120479427
2,1500,354,0.0187899423013527,0.32296950763914,0.142655573017075,0.0305202725256419
2,1500,355,0.0234897143865329,0.33559480507312,0.139087072542744,0.0229034345302963
2,1500,356,0.0256965602599775,0.3354541834289,0.136608806729873,0.0280500043138723
2,1500,357,0.0262508450963825,0.331911806803868,0.140518243548985,0.0277185400933169
2,1500,358,0.0250543476696747,0.332239802976643,0.154666084076841,0.0370373082653055
2,1500,359,0.0238630939041771,0.332509606977688,0.1317170819394,0.0351443514322178
2,1500,360,0.0220986811445372,0.330768958895006,0.113769551167424,0.0412441249127136
2,1500,361,0.0211970354066995,0.325443380491895,0.140642824626686,0.0339479362997324
2,1500,362,0.0238524407003964,0.327629673852319,0.129706476896802,0.0463400072239752
2,1500,363,0.0242990219361516,0.325466045812957,0.136043653377823,0.0248934628109194
2,1500,364,0.0229243802035528,0.327033291458162,0.140656884345459,0.0394700771674146
2,1500,365,0.0268301290126922,0.338882546200327,0.133289693712067,0.0249494012789659
2,1500,366,0.0266592577569875,0.334564238130659,0.118861017286451,0.0595999868667534
2,1500,367,0.0201517403876079,0.324192186309951,0.141362501339481,0.0222405444403566
2,1500,368,0.0220651718993854,0.326991362888186,0.159001116258719,0.0258300672796978
2,1500,369,0.0226640081944323,0.323640848527028,0.146339507580064,0.0405263779015004
2,1500,370,0.0215530249501275,0.333991180726621,0.145352146474877,0.0311131222549905
2,1500,371,0.0217724964798449,0.329678556624055,0.145098998802668,0.0383254213559008
2,1500,372,0.0229081963094839,0.33293575524792,0.135088802803627,0.0286913804313422
2,1500,373,0.0246143033377515,0.32814019605051,0.148585016353366,0.027916490965384
2,1500,374,0.0211119069905508,0.329715043462315,0.126204187041306,0.025983024980555
2,1500,375,0.0207973729256417,0.328901454011038,0.152188406051455,0.0344961507541366
2,1500,376,0.0227239813601414,0.330713409128332,0.14077616262453,0.0441523785319615
2,1500,377,0.022168119128724,0.328810631890497,0.136031289309178,0.0328107907475477
2,1500,378,0.0219071115509022,0.329908435601238,0.155137367832304,0.0271175024132135
2,1500,379,0.0246043933737927,0.32059759740284,0.125977652722844,0.0371130223917524
2,1500,380,0.0230873171135948,0.330417910138084,0.15493472935263,0.0381628269857384
2,1500,381,0.0228249855175944,0.330343383998053,0.128807733383977,0.0330077866168836
2,1500,382,0.0234733228644497,0.327226550941424,0.135972120078956,0.0393043908882962
2,1500,383,0.0194892731322427,0.324000885515037,0.146814153931077,0.0295883865373525
2,1500,384,0.0235953988623048,0.322261810463871,0.151837719815959,0.0314614170957939
2,1500,385,0.0228699511259181,0.323617030988744,0.140110499093376,0.0317322939926252
2,1500,386,0.0210945124509863,0.333296985703913,0.120755239060999,0.03147672880995
2,1500,387,0.0227263445840249,0.314438849599534,0.119581278307832,0.0282613596744252
2,1500,388,0.0267478469972136,0.342666330072082,0.138962432911631,0.046443357580692
2,1500,389,0.0205081090150017,0.330150985616059,0.138735453692374,0.033302586215024
2,1500,390,0.0222139368351197,0.322894512314388,0.112932613271732,0.0225550906002814
2,1500,391,0.0230837150811476,0.327357607482838,0.13756510908216,0.0278715280150823
2,1500,392,0.0246937009270312,0.320874002663329,0.129275056543796,0.0271909343938632
2,1500,393,0.0174550788844836,0.329767382029247,0.140011904795175,0.0249063094480655
2,1500,394,0.0245050687956776,0.331002648867974,0.137336841187757,0.0262909502622399
2,1500,395,0.0214597437559247,0.326791438639733,0.150202267079455,0.0338173823515246
2,1500,396,0.0196062934062458,0.327924216879804,0.118562343937356,0.0380561190576216
2,1500,397,0.0211221398171391,0.340330194348765,0.14440413099604,0.0365690348021599
2,1500,398,0.0214292833526477,0.331040703783709,0.133498056473034,0.0333761267993185
2,1500,399,0.0207733275167428,0.323851776172051,0.108423769238997,0.0241648046241156
2,1500,400,0.0235378527429977,0.332435558768071,0.149246112279222,0.0427598586354003
2,1500,401,0.0223737198108334,0.328695068272085,0.126366077264722,0.0344293224446013
2,1500,402,0.0199416600494617,0.329273864445477,0.103464366733653,0.0278606835392763
2,1500,403,0.0210597598450577,0.331428349210199,0.144454111302111,0.0218190652871593
2,1500,404,0.0252296436945292,0.323824473870462,0.145107794143722,0.0432073014173295
2,1500,405,0.0263513146771064,0.328403411328183,0.1189218496053,0.0252015966196732
2,1500,406,0.0252533962509287,0.339192034807351,0.131584877511004,0.0324056273947366
2,1500,407,0.0196998670429465,0.330475570164242,0.122101827142211,0.0187253612105853
2,1500,408,0.0202682912965131,0.331236087803424,0.131851535129348,0.026603851027825
2,1500,409,0.0243111557597302,0.337851075196867,0.134127852955553,0.0268835866932904
2,1500,410,0.0247915899167663,0.324266621186729,0.130337269442728,0.0286480283959534
2,1500,411,0.0235507235357446,0.324401908868475,0.125433166636639,0.0344355810040931
2,1500,412,0.0219068881802462,0.336245146284615,0.147893569354905,0.0529443808569801
2,1500,413,0.0224383736846254,0.312216942096603,0.125699933102227,0.0285382126883793
2,1500,414,0.0303599529375411,0.327601964740187,0.117068464922303,0.0413036156102706
2,1500,415,0.0203477416712214,0.337113296298218,0.159580649471081,0.0347458638691567
2,1500,416,0.0267143244363861,0.321790467012264,0.144113088140001,0.0470781239648597
2,1500,417,0.026261315460042,0.327703034306833,0.121657515513099,0.0426334062386298
2,1500,418,0.0216300959414819,0.324773201984902,0.134613775072715,0.0310876887056104
2,1500,419,0.0219640468401574,0.317631874120029,0.125988703578611,0.0326331066502132
2,1500,420,0.0226951833059559,0.329174378190478,0.117813500610062,0.0315074312423111
2,1500,421,0.0300999753036482,0.331673125246502,0.146035103273831,0.0367726731130915
2,1500,422,0.0228418645075492,0.326019375088891,0.127220773651409,0.12241145703721
2,1500,423,0.0207261216720127,0.338727158824908,0.137618596649041,0.0343192425082772
2,1500,424,0.0256289530310856,0.333074978872436,0.120424635423126,0.0347142433295506
2,1500,425,0.0259852407757641,0.326565161144938,0.127876677866894,0.0495489595540672
2,1500,426,0.0199590640271088,0.333439787231377,0.125488471383517,0.0689747712544124
2,1500,427,0.0197526077364401,0.324896373758116,0.145689540430298,0.0351325496391082
2,1500,428,0.0257258713415274,0.326010939903776,0.118960609829793,0.0382375311278245
2,1500,429,0.0225214591293643,0.336761785408399,0.138617098310531,0.0311647886406621
2,1500,430,0.02042185319385,0.330994817672389,0.137688332237432,0.0316403208284268
2,1500,431,0.0175673766679492,0.327167761021149,0.147869773052228,0.0384255299284677
2,1500,432,0.0230572526778214,0.333693247067155,0.134418222993815,0.0434864249397526
2,1500,433,0.0246204048243688,0.334093117811863,0.140251130323531,0.0401334673055027
2,1500,434,0.0212675210879296,0.319620475140438,0.125847055515068,0.0356875380418447
2,1500,435,0.0306888092729305,0.325067790303057,0.148254326623471,0.0511660528384639
2,1500,436,0.0259851025116145,0.329484635550797,0.140027826847382,0.0353268706105223
2,1500,437,0.0199607437104361,0.323695522150612,0.136837107203935,0.0405532010052101
2,1500,438,0.0205887180568143,0.32136220817982,0.136308349730006,0.0325183267427773
2,1500,439,0.0286031466051824,0.320117365315434,0.121220265249105,0.0279647234349092
2,1500,440,0.0228985839978173,0.323733207483831,0.141997995961492,0.04761477815983
2,1500,441,0.0217309198155775,0.326334760920763,0.145713662254918,0.042534404010655
2,1500,442,0.021115696335761,0.329436225397834,0.122715682711653,0.0428339844371808
2,1500,443,0.0233699200795556,0.332262855029333,0.138036465106663,0.0352722248106341
2,1500,444,0.0190901363099161,0.326933121554259,0.143393609315177,0.0236561645893261
2,1500,445,0.0204972624402289,0.32657090572246,0.145201829022669,0.0357361094067394
2,1500,446,0.0241875644558927,0.322232893512279,0.128907387691551,0.0384800774672802
2,1500,447,0.0272982740196848,0.326463794410022,0.125568304838579,0.0356692706190793
2,1500,448,0.0238495418242659,0.327098908858005,0.116273909840755,0.0302708701422965
2,1500,449,0.0212992774777927,0.33408956689598,0.130898312670979,0.0413533472131731
2,1500,450,0.0253294371589157,0.329058318878575,0.122980059136132,0.0346429684499019
2,1500,451,0.026755628645271,0.327521557108974,0.126306464916859,0.0454141500378054
2,1500,452,0.0234475850857647,0.319482487526459,0.134650952829688,0.0286350930793176
2,1500,453,0.0246313612984319,0.320617170153818,0.143649171744885,0.0411113630055653
2,1500,454,0.0273331520396165,0.331529658708253,0.143078409956317,0.0385234366005267
2,1500,455,0.025344434367242,0.329842501508868,0.130580766800391,0.0256405500022336
2,1500,456,0.0261274416071733,0.328978499988518,0.122867079386319,0.0469549448564766
2,1500,457,0.0231025206085893,0.323864296079017,0.138883477822845,0.0494059918494689
2,1500,458,0.0240687621768167,0.317934178763388,0.108810315691688,0.0279912474927004
2,1500,459,0.0254908077960623,0.317525846654414,0.118865051140496,0.0498735504345584
2,1500,460,0.0248512469042834,0.332233527185421,0.141168960678955,0.0390133926353209
2,1500,461,0.0220259989410538,0.328522252186466,0.134485371930938,0.0219189833918192
2,1500,462,0.019527900114378,0.327993863751783,0.137454247361268,0.0313069843052809
2,1500,463,0.021505170913874,0.327514800167817,0.131986428864174,0.049346484571867
2,1500,464,0.0209423216879612,0.328674255377946,0.142447950579072,0.0369048179148339
2,1500,465,0.0231016079189639,0.325077525200215,0.13622839468264,0.0292633447788504
2,1500,466,0.0194477603151846,0.320693808420185,0.13959129786186,0.0297840745893496
2,1500,467,0.0216931795305861,0.338359671523022,0.130165729358565,0.0305861174773845
2,1500,468,0.0201694282332603,0.332891306203573,0.135527723032827,0.0357430268726637
2,1500,469,0.0247953808574339,0.341381136296175,0.123466798835611,0.0274541294474608
2,1500,470,0.025682377785067,0.328755755683703,0.133894586417832,0.0350588357787678
2,1500,471,0.0322505081170297,0.32579731087306,0.134585877510617,0.0365125839167191
2,1500,472,0.0225384204283396,0.332670048723481,0.128343911425738,0.0278925405402977
2,1500,473,0.0260935708298295,0.328351109748829,0.124051965447765,0.038650574265042
2,1500,474,0.0229784760907186,0.335263153698367,0.156395470276379,0.0243747806332448
2,1500,475,0.0202612324153655,0.322654795757356,0.13638854532533,0.0299376889087999
2,1500,476,0.0257287915974631,0.33203027947654,0.132011660721096,0.0364521632897177
2,1500,477,0.021818563185259,0.32679477948791,0.126034016061912,0.0348445980733425
2,1500,478,0.0241132582933705,0.329092133611264,0.149457541604144,0.0515775547675907
2,1500,479,0.022015376667982,0.331647987511286,0.139485624344186,0.0355364217543201
2,1500,480,0.0202146333615825,0.326135622105721,0.128623621336586,0.0401236220454568
2,1500,481,0.0248524388017861,0.328955055585378,0.158541397879961,0.0239741328399377
2,1500,482,0.0227182738558436,0.323803412372793,0.13998989772486,0.0269720660017596
2,1500,483,0.0230249148486477,0.32032077923161,0.124264884512225,0.0430362841977527
2,1500,484,0.024520073716233,0.327496889547801,0.111153804700781,0.0282990588906045
2,1500,485,0.0230179623552151,0.331866487218885,0.143458456111477,0.0298529985574676
2,1500,486,0.026115970982461,0.32341860192771,0.139768919986845,0.0394925215713027
2,1500,487,0.0252881598851415,0.333085968452124,0.131197644591852,0.0411115394034371
2,1500,488,0.0214842379716047,0.322550194492242,0.128273190600289,0.038570247636549
2,1500,489,0.022187677413362,0.326266127574495,0.134136646079791,0.0227452645046671
2,1500,490,0.0220703886042843,0.33225518813288,0.136666586415728,0.0356078652242287
2,1500,491,0.0228234979433368,0.326567766540612,0.152303856212426,0.0322529552582338
2,1500,492,0.0224195042825075,0.328750461103678,0.130180571459882,0.0307846643840435
2,1500,493,0.0255707125521725,0.328160099222299,0.131914469495147,0.0440243378794571
2,1500,494,0.0191183816717584,0.332305221691392,0.141827881617594,0.0350368198211319
2,1500,495,0.0225190075102908,0.325139758106155,0.129507335828469,0.0381099942451633
2,1500,496,0.0226854149710447,0.331010618565731,0.135400169625278,0.0303760707073559
2,1500,497,0.0237535190285447,0.323529366605559,0.126102484925354,0.0326761526892683
2,1500,498,0.0230835980207456,0.320884638685637,0.135254128528745,0.0267360245298027
2,1500,499,0.0295813064051877,0.333775483137283,0.145219146906539,0.0228599059860024
2,1500,500,0.0231249801308289,0.327404980009981,0.145493953784072,0.033041131839999
2,2000,1,0.0231284595710972,0.325285185980185,0.121696810350904,0.0296459922838443
2,2000,2,0.0239718891172591,0.32579563045732,0.146487634824181,0.0281347092610187
2,2000,3,0.0210833557865138,0.332232147531224,0.154827585747214,0.0180344361070712
2,2000,4,0.026304163623291,0.33280936942375,0.151859181294913,0.0403794251575924
2,2000,5,0.0207727883233368,0.321905725482875,0.125942377056014,0.040746468823941
2,2000,6,0.0200252680416113,0.330541091448788,0.130981040641295,0.0293067141509502
2,2000,7,0.021504002945631,0.329709697143544,0.128663801613156,0.0299899438934408
2,2000,8,0.020212999470236,0.324363266756631,0.131613587188925,0.0264380257041144
2,2000,9,0.0244511551645876,0.328965587428643,0.138838584978912,0.0258195674402395
2,2000,10,0.0239186269875635,0.33929762391208,0.12417260860716,0.0295610074631956
2,2000,11,0.0206723393757988,0.317076981309613,0.149397629122473,0.0313453608510055
2,2000,12,0.0200173870171017,0.323580817711972,0.119763125722987,0.0203302953634359
2,2000,13,0.0221364340535912,0.322308554489337,0.147915959789997,0.0319149805972478
2,2000,14,0.0262865776758701,0.335308562150883,0.149289221614478,0.0382180007062189
2,2000,15,0.0217734480381055,0.321023466945222,0.118006059975701,0.0267593474866883
2,2000,16,0.0211748390363169,0.324490287144955,0.123918892385062,0.0310301474434602
2,2000,17,0.0203234430277239,0.327035219855004,0.142055798762638,0.0209787085111328
2,2000,18,0.0223206262860443,0.329490081055787,0.137197943521668,0.0183893295469773
2,2000,19,0.0221275673639068,0.325795990231464,0.111733950927239,0.023003422069664
2,2000,20,0.0247888561320462,0.323724497173006,0.135891790663177,0.0331211531230768
2,2000,21,0.023647658422514,0.326196345705773,0.114377679271573,0.0317594572309836
2,2000,22,0.0234666309993967,0.331915703740916,0.12753002915638,0.0380890401208864
2,2000,23,0.0234880808816591,0.319498465726896,0.131928850496531,0.0325355355302102
2,2000,24,0.0216701595989266,0.322695151554831,0.127039516146554,0.0334595541792069
2,2000,25,0.0243087406872413,0.33019965780679,0.128912729078577,0.0191907278096626
2,2000,26,0.0239104104467587,0.325474157120257,0.130399919012691,0.024032886651457
2,2000,27,0.0222406530856303,0.324498795641196,0.124745882641633,0.02380048038145
2,2000,28,0.0249802705754005,0.331756337441789,0.124161759103013,0.0265061349341369
2,2000,29,0.0210786049276079,0.332148205849149,0.134503490160144,0.02839859732401
2,2000,30,0.0224711262164232,0.329664971120788,0.130666089409327,0.0355406734725048
2,2000,31,0.0251186276514557,0.326908405156079,0.152888677449629,0.0251911077861215
2,2000,32,0.02532859641086,0.334328602852607,0.130014782727159,0.0313881194443184
2,2000,33,0.0211487992670651,0.327231039595119,0.142240313967649,0.0257336684869669
2,2000,34,0.0239212521193437,0.329950073747793,0.142767354197447,0.0185087982083325
2,2000,35,0.0223752891949571,0.332779921576446,0.129810388351913,0.019993934137682
2,2000,36,0.0225994047089184,0.330939138732198,0.128929757351498,0.0263961589130879
2,2000,37,0.0222468023827898,0.32592225240308,0.158968599528112,0.021095272170379
2,2000,38,0.0237998196066544,0.32630837690817,0.130853431494431,0.0250934989611324
2,2000,39,0.0202188936653254,0.327112292122159,0.131943210783315,0.0193788790836846
2,2000,40,0.0203385752699403,0.32622922651823,0.136163781607757,0.0378812869041412
2,2000,41,0.0227566460348008,0.324887316289704,0.123339568154839,0.0189241447055049
2,2000,42,0.0213088551414267,0.330932792877133,0.138550163297749,0.0216674817156388
2,2000,43,0.0226830106180387,0.337482794272189,0.132847205947733,0.0202642069763768
2,2000,44,0.0259559337321638,0.32152045311561,0.132223102479042,0.0403583541449044
2,2000,45,0.0210910068400645,0.333911136548775,0.123998028348467,0.0275888181562496
2,2000,46,0.0230605087017075,0.324931903396442,0.116359382826492,0.0268552777977038
2,2000,47,0.0223649767663647,0.331245577663722,0.146934813749353,0.0240651781803338
2,2000,48,0.0194439850502768,0.329389868641131,0.141376450157026,0.0191498951514895
2,2000,49,0.0211411329727231,0.324677851583742,0.14791170323924,0.0238331408795178
2,2000,50,0.0202200363790033,0.321469987373507,0.115589481004013,0.0158488535696388
2,2000,51,0.0221711121473633,0.325591932639831,0.139131695648699,0.0298928082451981
2,2000,52,0.0262730835663612,0.323529599912281,0.138720759989314,0.0311314470938726
2,2000,53,0.022278367487883,0.333388407357657,0.148266398293324,0.0275863382047346
2,2000,54,0.0210722088559248,0.328210724362484,0.134807855519454,0.0267504047310319
2,2000,55,0.0219543249139551,0.334335912974717,0.148035601062665,0.0280852517955363
2,2000,56,0.0198659691435206,0.31838818078973,0.12554992480896,0.019029700305641
2,2000,57,0.0226128039354121,0.335099314453067,0.149807406410784,0.0263750540230956
2,2000,58,0.0229551911934076,0.32626483877433,0.125214375563043,0.0292217079505395
2,2000,59,0.0201460123413433,0.31858395729472,0.12021502976022,0.0195299137151224
2,2000,60,0.027012833306101,0.328381700539556,0.130968392234652,0.0190661996213102
2,2000,61,0.0260807177629201,0.329457748588966,0.157719981881258,0.0269325839548573
2,2000,62,0.0225164467712371,0.325302121218537,0.124289822239057,0.0194841981091336
2,2000,63,0.0216228696387593,0.328344789115821,0.127422228285125,0.0311628867252998
2,2000,64,0.0198732848388909,0.329976678066089,0.117699359056564,0.0251580335473585
2,2000,65,0.0223561711530704,0.314496526255898,0.134657652874136,0.0209937092192665
2,2000,66,0.0234568079531388,0.32882895843286,0.130628177492297,0.0313023726723647
2,2000,67,0.0210806786911595,0.329183752632094,0.140247181504001,0.0372877431813214
2,2000,68,0.0229646245274662,0.336267130135837,0.116888693595128,0.0251064714438405
2,2000,69,0.0250420157371378,0.330000815358065,0.139212086941813,0.0431549372053452
2,2000,70,0.0233819940494273,0.329970294809096,0.147036744146537,0.0212780907410302
2,2000,71,0.0206897326923561,0.320224965914051,0.125459215830268,0.0276881987364774
2,2000,72,0.023621260467912,0.328941726640859,0.141006705572643,0.0312520674680092
2,2000,73,0.0220389882147889,0.321835375140555,0.127127489578612,0.0185057527107535
2,2000,74,0.0262976270751445,0.329096088548466,0.1516220291072,0.016982393570854
2,2000,75,0.0242373404242917,0.329550507408235,0.124519493708754,0.0204671778167895
2,2000,76,0.0237877190228335,0.323566777720112,0.119311887422805,0.0287052223009285
2,2000,77,0.0251180605147141,0.326849757677781,0.145590504966227,0.0220949067925049
2,2000,78,0.0257805301591549,0.328112605715746,0.131118732349785,0.0273466322583567
2,2000,79,0.0203434059769962,0.331687428605313,0.128586392287564,0.0207826255178702
2,2000,80,0.0227057077861812,0.321777294921983,0.118344544285744,0.0291729960896774
2,2000,81,0.021405826776945,0.326849301343787,0.136221227088954,0.022229971145302
2,2000,82,0.0221527487182052,0.327708119534118,0.132972575178194,0.0220578971408898
2,2000,83,0.0215938525556565,0.332494595446404,0.127802104810157,0.0196374166369215
2,2000,84,0.0275727048934129,0.328001582871782,0.121600154374548,0.0274078209057429
2,2000,85,0.0240774061519191,0.331964852174582,0.150682497102516,0.0272743552323649
2,2000,86,0.0231378192827301,0.33469336427587,0.148998246950008,0.0251081824348605
2,2000,87,0.0224504372527867,0.333729393458715,0.141014632889786,0.0196939782351506
2,2000,88,0.021762316660342,0.322452605424654,0.151089917090468,0.0270809606907927
2,2000,89,0.021550553628497,0.33475603271248,0.132060979322578,0.0270594883741884
2,2000,90,0.0242647184560949,0.32061723606531,0.139303552081326,0.0417395826233073
2,2000,91,0.0218389097050056,0.333761495487543,0.146822841993563,0.0256478578784975
2,2000,92,0.0244446863642764,0.337478914091505,0.150834459373289,0.0399914599073337
2,2000,93,0.0225930796907261,0.325059678475336,0.129134684055079,0.0270610920507046
2,2000,94,0.020423520998808,0.32850910501001,0.141520072102139,0.0295468850415117
2,2000,95,0.0233754062508968,0.334392848559136,0.148561501177906,0.0264876158721026
2,2000,96,0.0206334024638286,0.333440047721166,0.138851371998811,0.0162141396710154
2,2000,97,0.0224374987468143,0.322111536689502,0.14277982431351,0.035344480902868
2,2000,98,0.0233190404299159,0.329372690557361,0.12163673809651,0.0345589651644749
2,2000,99,0.0223753382790561,0.337139970844084,0.122341709064315,0.02610621733137
2,2000,100,0.0278353180551105,0.325761133333415,0.157470083774095,0.0294270120424625
2,2000,101,0.0247318613188749,0.323467492773957,0.119422655260577,0.0391463042339113
2,2000,102,0.0232140193929773,0.32354454658872,0.146148805198435,0.0217215494643215
2,2000,103,0.0210759431380572,0.319349352941682,0.124087228292915,0.0217934487487095
2,2000,104,0.0261728575344899,0.33580707677536,0.140938238442203,0.0273666007492992
2,2000,105,0.025864667078916,0.332566681851853,0.135584127928389,0.0247822884517757
2,2000,106,0.019176605770677,0.324469003859514,0.107363046328415,0.029841822750907
2,2000,107,0.0246314118140278,0.327617636253431,0.137016770723865,0.027024266904945
2,2000,108,0.0213265854020606,0.332248382401787,0.143476305328394,0.0323788602318444
2,2000,109,0.0240091832632003,0.324531161124472,0.122190521541819,0.0264466053992873
2,2000,110,0.0215782026242204,0.326338619715254,0.15319307272662,0.0190289038734173
2,2000,111,0.0268409361214204,0.329185085118769,0.135597403696113,0.0290540969941839
2,2000,112,0.0214148163249748,0.322560297403954,0.123320144433994,0.0307835932495648
2,2000,113,0.0216401736576834,0.321471974232033,0.135366830506173,0.0194492504352979
2,2000,114,0.0226364549639289,0.324248075844539,0.118747419272114,0.0412626958196427
2,2000,115,0.0193388677565176,0.323093577384457,0.150567539971425,0.0326247755168094
2,2000,116,0.0219141690045443,0.329046025740766,0.129847403446928,0.0223265188386854
2,2000,117,0.024321964131655,0.330521992150979,0.146420069267813,0.0300144282959629
2,2000,118,0.0192301713062519,0.32899506255529,0.127502212200142,0.0232222614625623
2,2000,119,0.0231925946571119,0.326142221997178,0.122196017861968,0.0323599022326477
2,2000,120,0.022661359935237,0.325633224700515,0.123444000062346,0.019717974873475
2,2000,121,0.0233406518969703,0.329104916468625,0.149373736627561,0.0265457083341092
2,2000,122,0.0243627294191544,0.324590113327092,0.1199845004708,0.0185386534096816
2,2000,123,0.0178438164677621,0.326998395560109,0.142225241441982,0.0256043177458922
2,2000,124,0.0186908936793622,0.322116780042988,0.136367612795782,0.0150664146764112
2,2000,125,0.0228575461302833,0.334676688611532,0.12856908777971,0.0162190682647101
2,2000,126,0.0249708949176644,0.315863358184698,0.118126145470715,0.0176022710658263
2,2000,127,0.0238475841710317,0.334075607593538,0.132650812732349,0.015362429277713
2,2000,128,0.0211506066678429,0.330910749223895,0.141219580100818,0.019750996724512
2,2000,129,0.0205218639198343,0.327086974993597,0.147226435735255,0.0359046248091954
2,2000,130,0.0203821187691757,0.327954349503358,0.147877983755424,0.0264412277067203
2,2000,131,0.020293148652575,0.319979583326804,0.12637449370535,0.0358402538979834
2,2000,132,0.0201657314742083,0.327745901508515,0.131215083015296,0.0225206483543672
2,2000,133,0.0207893716598453,0.330246327926831,0.126465338836727,0.024107755823652
2,2000,134,0.024203813804367,0.324422721187506,0.161611800467187,0.0227495458102638
2,2000,135,0.0217156840746089,0.325934103115055,0.121742266213703,0.0337884492385132
2,2000,136,0.0247766763603992,0.342633867225053,0.152311779283413,0.0289759012814046
2,2000,137,0.0218970989157568,0.336790594835982,0.134375585972514,0.0428109942189634
2,2000,138,0.0212841483787833,0.319122751603987,0.139189916508343,0.0353112669083564
2,2000,139,0.0204752476314054,0.325340856929283,0.127698986575089,0.0277477304905251
2,2000,140,0.0219614818912295,0.32251348896778,0.156574845473404,0.0227176305007848
2,2000,141,0.0207139404475736,0.316980096652725,0.127465243205631,0.0288501844039175
2,2000,142,0.0221426639326037,0.34105093330135,0.139880478070413,0.031186542239539
2,2000,143,0.0274063630489843,0.321770799566228,0.135856503252163,0.0470741396188301
2,2000,144,0.0220136257554033,0.322475852473513,0.137895103979344,0.020941252794052
2,2000,145,0.027136084054515,0.329804900867083,0.119302222251471,0.0222438144046346
2,2000,146,0.0228808498502893,0.32659671806089,0.154089379149486,0.0326834282765247
2,2000,147,0.0222429875640657,0.328682136312548,0.143151159577334,0.0303140415548371
2,2000,148,0.0216328427452417,0.321819864897299,0.123701238434573,0.0339320998517041
2,2000,149,0.0215454806624467,0.32791391632218,0.124012556281407,0.0181955624576939
2,2000,150,0.0216212861130116,0.328788367599874,0.138888262953194,0.0202768012761714
2,2000,151,0.0245547853261605,0.333668966856925,0.132466197692992,0.0384140826972512
2,2000,152,0.022319164689671,0.31619944168682,0.116593912565565,0.0330090188511698
2,2000,153,0.0243691550784939,0.326406418488584,0.146186196725,0.0342971113202202
2,2000,154,0.023280860461433,0.330118507774331,0.151410566877296,0.0201676437592444
2,2000,155,0.0237712154078744,0.31712984713015,0.137635251140428,0.0256661237710791
2,2000,156,0.0274850192228258,0.327566191407368,0.137398701626247,0.0250332313178168
2,2000,157,0.0209799430666011,0.330003880923085,0.140649401695214,0.0285191095818078
2,2000,158,0.0227222872920529,0.32176536449377,0.115916266312636,0.0967077493575603
2,2000,159,0.0232872731992482,0.32594692705705,0.123233838896002,0.02737974252161
2,2000,160,0.0240736018673398,0.330169713134631,0.171141227846526,0.0346141962471158
2,2000,161,0.0196578224294726,0.326914354819761,0.141491354829083,0.0254649228258823
2,2000,162,0.02402968901419,0.319399773398842,0.131166177328158,0.0291709967710136
2,2000,163,0.0237899877415502,0.329991192406227,0.130014265086549,0.0284871895529757
2,2000,164,0.0210625723166686,0.324543322809098,0.114910887583072,0.0216204726971267
2,2000,165,0.0289970415381484,0.330245090445622,0.133297776825839,0.0158187508667942
2,2000,166,0.0248312536060813,0.329465439715684,0.137498634539265,0.0405371183984273
2,2000,167,0.0267117587509988,0.322120521039314,0.125912535771622,0.0185328085381578
2,2000,168,0.0182837984914492,0.32733370983388,0.129366356882807,0.0324541088875805
2,2000,169,0.0227131514476098,0.331679230400822,0.111691740987588,0.0246258622835582
2,2000,170,0.0258018143441376,0.319428037108206,0.127968376560805,0.0298656320172679
2,2000,171,0.0280745399380411,0.336693810671274,0.153322832127168,0.018406858914098
2,2000,172,0.0212863341186422,0.325335103359367,0.122737279509501,0.0287716841714076
2,2000,173,0.0230415807893283,0.323308642339519,0.129777852082822,0.0292749529520024
2,2000,174,0.0256358499103768,0.322427732626626,0.152101134091735,0.0382776426290727
2,2000,175,0.0228293010075327,0.323677206384515,0.140930946928083,0.0271883026091297
2,2000,176,0.0189714639576593,0.330333715389575,0.149275609650808,0.0211817998578845
2,2000,177,0.0242279139664769,0.334496650809108,0.142396669352489,0.0264699617141364
2,2000,178,0.0264165423170324,0.331297877641327,0.142447646903257,0.0253317017967942
2,2000,179,0.0232697215788593,0.331038836805378,0.144138954503981,0.0200093889876902
2,2000,180,0.0208382723239102,0.32737443956602,0.125351457323454,0.0244659531299096
2,2000,181,0.0289671906802944,0.322211591875259,0.1278606959358,0.0249572247408709
2,2000,182,0.0243632863185501,0.322458253710913,0.135768020465303,0.0371000056869812
2,2000,183,0.0274149155058561,0.327616710511601,0.12427942310285,0.0266016526505004
2,2000,184,0.0203305762392763,0.33188221495042,0.136993111656462,0.0249988933483034
2,2000,185,0.0216610477941934,0.325775798052258,0.134632035900381,0.021623754992635
2,2000,186,0.0217283938878576,0.323769077004859,0.121255049613676,0.0194077810314546
2,2000,187,0.0229751354211485,0.331208955607695,0.124836933936804,0.0255709945773606
2,2000,188,0.0218761678480492,0.324892783273878,0.131906455356783,0.0236487433068948
2,2000,189,0.0248406572341922,0.331167154044301,0.142372777198533,0.0257804206407775
2,2000,190,0.0219399554737303,0.331672514145599,0.116217024746489,0.0149492398829423
2,2000,191,0.0265093151065956,0.333446098383728,0.143969773853902,0.0347667464378831
2,2000,192,0.020677193652785,0.329210281868737,0.127736508088619,0.0258174021276825
2,2000,193,0.0231284045717493,0.325819897509576,0.141437049076386,0.0269913528728041
2,2000,194,0.0235724158046786,0.309930791441637,0.132033820991898,0.0325417353943813
2,2000,195,0.0233818135632895,0.333808381674788,0.132440499465085,0.0245431578632607
2,2000,196,0.0217926516854057,0.336673394370824,0.148281397896181,0.0295521847470033
2,2000,197,0.019665414355045,0.333058536123301,0.12361559669064,0.018758391194921
2,2000,198,0.0189673109325532,0.323622378391027,0.118209068627365,0.0224695909246548
2,2000,199,0.0243296482774238,0.331920368228918,0.132569951184395,0.0190215035160444
2,2000,200,0.0234125139005168,0.336698175964072,0.138721366908849,0.0234207405722069
2,2000,201,0.0240204212090567,0.3253531073805,0.133986915052357,0.0211667423481487
2,2000,202,0.0198875695567111,0.321958551321277,0.124740939284471,0.0248737416099154
2,2000,203,0.0220909855317353,0.323999373361245,0.122566694462275,0.0262546786065845
2,2000,204,0.021850015763867,0.325843429374148,0.106603333366005,0.0300453953432565
2,2000,205,0.0242559416089831,0.325960532076625,0.124929100916306,0.0191619873578845
2,2000,206,0.0222840763096239,0.340916131433821,0.136195700034324,0.0247285461602884
2,2000,207,0.0218009165080948,0.329930799917909,0.129688834069479,0.0233357897420345
2,2000,208,0.0238237560476307,0.319307403394643,0.155588416496403,0.0263101108642412
2,2000,209,0.0242223840407274,0.32961438069184,0.131282543555582,0.0137227892871394
2,2000,210,0.0227433282987783,0.325218130285914,0.142141194219001,0.0254359890069298
2,2000,211,0.0211255141022191,0.322275693650541,0.150691325897891,0.0261707955046402
2,2000,212,0.0235148641376297,0.330925821911274,0.145943919725534,0.0308765531664619
2,2000,213,0.01911042119465,0.329138030337307,0.127410686425572,0.0203969537153699
2,2000,214,0.0207270143625791,0.318957136173289,0.121740684371798,0.0224203264745042
2,2000,215,0.0211307338342075,0.332605794044923,0.151055560560862,0.0253901135041381
2,2000,216,0.0215173615529918,0.315130929147887,0.127395919008356,0.0248452973676605
2,2000,217,0.0269389384305727,0.3253032722988,0.146454388297114,0.0273622776448517
2,2000,218,0.0219037305502865,0.333780275901945,0.123659079709032,0.0195252431795736
2,2000,219,0.0235870167933374,0.328186564034546,0.144706901233336,0.0249023459806244
2,2000,220,0.0222275673727237,0.333076190602151,0.131781968925038,0.0258204324956335
2,2000,221,0.0205195476763547,0.33051379807832,0.153002420715219,0.0332234499229889
2,2000,222,0.0179033768294825,0.332965505672798,0.115710945673796,0.0169755858117844
2,2000,223,0.0231420658289276,0.327543399361607,0.154095092240027,0.026004561862786
2,2000,224,0.0269068880362779,0.335441852687259,0.146267315489871,0.0157029950908105
2,2000,225,0.0232786901333017,0.330101896471476,0.120925397291151,0.0202733115438236
2,2000,226,0.0223722921355194,0.335991848104094,0.121565116606359,0.030417533819459
2,2000,227,0.0213760657492872,0.337065730298863,0.128707072275092,0.0162209361410779
2,2000,228,0.0218958822920279,0.320687048585609,0.134594346047662,0.0161568328630017
2,2000,229,0.0228189639418004,0.329022094335357,0.137738862474106,0.0124389188883316
2,2000,230,0.0237714823226178,0.327857810433589,0.122084771002547,0.042958775615082
2,2000,231,0.0252234177159794,0.324040976882312,0.123504521841417,0.0275616735903379
2,2000,232,0.0212869062005068,0.330449407358906,0.144566653566386,0.0451905514232211
2,2000,233,0.0198955412883508,0.318002700845201,0.136633478915213,0.0279574342979092
2,2000,234,0.0192639219790083,0.332002825066491,0.133603999505146,0.0292636236432504
2,2000,235,0.0243849339695088,0.332194210177609,0.158596124233769,0.0314038257283424
2,2000,236,0.0251704369287353,0.329235110020045,0.164154484555527,0.0260970178913282
2,2000,237,0.0235735075965704,0.33658717877499,0.142655422252116,0.0410515075981277
2,2000,238,0.0221107048288414,0.328025621473923,0.137704090653843,0.037710302398521
2,2000,239,0.0232641827701299,0.333841844236198,0.152755959625239,0.0314122686667413
2,2000,240,0.0199288267252173,0.330872989167599,0.144703225495859,0.0185073602576045
2,2000,241,0.0265347217127889,0.334225532469711,0.136597343011465,0.0338768011103974
2,2000,242,0.0257284407562426,0.340637689012317,0.13424836223584,0.0284063185810011
2,2000,243,0.0223499553769158,0.33548480871197,0.139465379989063,0.0205216413842626
2,2000,244,0.023529548129092,0.318933206723191,0.142331594101909,0.0352618937114495
2,2000,245,0.0250097704199006,0.327168850398909,0.152224402847653,0.0324939879807642
2,2000,246,0.0221126111746921,0.321744842981624,0.117040477624225,0.0290618839825927
2,2000,247,0.0231386544927286,0.328308429414994,0.15210493267633,0.0210494886093497
2,2000,248,0.0205960832578189,0.330784444822637,0.137238416217114,0.0194347945284046
2,2000,249,0.0226984114074529,0.324265213860006,0.13340716297374,0.0354562560186606
2,2000,250,0.0214537751364599,0.329361995301972,0.122861532455684,0.0236861495231531
2,2000,251,0.021490717712054,0.322863306988081,0.138173138781107,0.0171650397602912
2,2000,252,0.0236505539772336,0.323188421305784,0.129377574975421,0.0374910315507559
2,2000,253,0.0221966236696969,0.323465372435504,0.137798027563842,0.0253988194860322
2,2000,254,0.0214990203010279,0.324736881284394,0.123276314097316,0.0199884352647608
2,2000,255,0.0198576046604508,0.324130552865847,0.129752741994427,0.016681399033313
2,2000,256,0.0220047463829116,0.332815232237283,0.127490343162721,0.0230838536003566
2,2000,257,0.0220661232129054,0.324633798788176,0.119394223515426,0.0280716985273508
2,2000,258,0.0215648611262953,0.32834967611406,0.137562288346136,0.0383973645866855
2,2000,259,0.0171398614409355,0.323144553345515,0.114069995770428,0.0139364666258195
2,2000,260,0.0221137951812276,0.324562255041922,0.11566945235319,0.0216115994264812
2,2000,261,0.0205942208410816,0.322205716769318,0.141098923268084,0.0253773632144052
2,2000,262,0.0242998999467656,0.33827783527369,0.163714974171633,0.0162595479395773
2,2000,263,0.0257018085652176,0.32740703310289,0.151233770663624,0.0255691528773563
2,2000,264,0.0224088450607158,0.317875128665655,0.115630249681984,0.0240374995816375
2,2000,265,0.0217656085213396,0.332165644807523,0.144033371924589,0.0236831376843227
2,2000,266,0.0272914034272798,0.323724182340174,0.111262945725129,0.0314095685837108
2,2000,267,0.0242053307353463,0.33666557008328,0.14730997799136,0.0192024979416265
2,2000,268,0.0256755445865635,0.335859074047135,0.130103295981562,0.0278090410763627
2,2000,269,0.0208016652794258,0.331096194744603,0.120400184281187,0.0260611257259429
2,2000,270,0.0259599729488709,0.334962965172682,0.106576001564937,0.0253290235148877
2,2000,271,0.022896941965352,0.3337704114827,0.167197988085296,0.0262133721791362
2,2000,272,0.0214030897709478,0.331075007618797,0.124750959684266,0.0151950828881093
2,2000,273,0.0216484829977743,0.323406541415795,0.137273279432175,0.0313097746512618
2,2000,274,0.0251367074997539,0.3325950009114,0.12982300200733,0.0221205297821225
2,2000,275,0.0275525407907857,0.327821505495482,0.154092350890316,0.0246911069137543
2,2000,276,0.0221087331247574,0.322846950735155,0.123410417186555,0.0208123640177142
2,2000,277,0.0245535405446746,0.335802935003421,0.150685960980999,0.0296173512062541
2,2000,278,0.0217452945951784,0.334090598244407,0.150303193693748,0.0211648452623663
2,2000,279,0.0215214859074624,0.335430197571942,0.153967636868821,0.0257255031412966
2,2000,280,0.0214095499229232,0.323768366775834,0.133179912695419,0.0305120400200571
2,2000,281,0.0265499785105088,0.321895103822178,0.127039011810095,0.0186627064765843
2,2000,282,0.0249203653392429,0.337314039809367,0.140692225743053,0.0335586753059089
2,2000,283,0.0196798257541184,0.332988015066835,0.131274923955476,0.0364876071503961
2,2000,284,0.0228287052277072,0.33541106684163,0.145345027686358,0.034088408650174
2,2000,285,0.02058741787898,0.338356326470514,0.138165042789804,0.0210416074565327
2,2000,286,0.0235061100196086,0.324637271616958,0.137397929301049,0.0255913791397173
2,2000,287,0.0220233158019871,0.326276397428011,0.14371831093991,0.0214176926301115
2,2000,288,0.0214190363624043,0.332845095012768,0.142922173799742,0.026357758332838
2,2000,289,0.0216596015519501,0.326061897577862,0.125826536686872,0.0227646073482033
2,2000,290,0.0214340159167947,0.334301949731807,0.164969523392616,0.0268407408578424
2,2000,291,0.0215562890352117,0.334386024260066,0.149530479809359,0.0276390613331006
2,2000,292,0.0179792713037537,0.328673523246596,0.126108993507325,0.0260177512587136
2,2000,293,0.0197727740374878,0.330032955474391,0.127574122943,0.0183431291200096
2,2000,294,0.0206765137032057,0.336018059231252,0.145193323170458,0.0213507140217681
2,2000,295,0.0213664085947132,0.327518715433863,0.14637435189957,0.018036677402834
2,2000,296,0.0252084735719504,0.330600420290492,0.130768224641375,0.0237655253274893
2,2000,297,0.0185247350708482,0.333350212224236,0.11808975725985,0.024847265856941
2,2000,298,0.0215922359935468,0.322759697705081,0.141798373342003,0.0165372688189349
2,2000,299,0.020839688844668,0.327415415570757,0.132190900397101,0.0151368345970766
2,2000,300,0.0250966193432156,0.331203171393396,0.133303390872517,0.0446092863213072
2,2000,301,0.0214054647572122,0.321910472241679,0.133334089667498,0.02453297035872
2,2000,302,0.0218895302220661,0.333519637148915,0.129651272694104,0.0268508563224816
2,2000,303,0.0221783971712572,0.325464226483254,0.139240343337293,0.0336541160092476
2,2000,304,0.023170112530716,0.336018903314458,0.133349372871834,0.0309048145484356
2,2000,305,0.0244106070282828,0.331178951416431,0.13116578976282,0.024521921594594
2,2000,306,0.0230088783806903,0.327565497724301,0.119719564904448,0.0209083401505628
2,2000,307,0.0195120122204431,0.324417118796205,0.125408614124769,0.0248965010703004
2,2000,308,0.0228221495169152,0.325105159855101,0.148607043207271,0.0246365724590947
2,2000,309,0.020585999124223,0.326562159321163,0.126583508095521,0.034869886713619
2,2000,310,0.0182268981482965,0.316761902093373,0.126479723973195,0.0271316060952989
2,2000,311,0.0252344820887811,0.323534549410682,0.121027052506986,0.0337459600934318
2,2000,312,0.0218446921997626,0.331483436321605,0.138994795174796,0.0250631375909944
2,2000,313,0.0264401627034843,0.342840089009042,0.15684057179916,0.0227216916787416
2,2000,314,0.0256453468902214,0.324376640122637,0.145374077866331,0.0264524878890096
2,2000,315,0.0214979161926039,0.327291890841112,0.130981964462166,0.0301092424133855
2,2000,316,0.0233198562843593,0.326767438668977,0.139074102996956,0.031824283712006
2,2000,317,0.0219954110198775,0.327369947141775,0.135484635042829,0.0208957566290016
2,2000,318,0.021511344743006,0.32049315480706,0.117196560124672,0.0246229627712222
2,2000,319,0.0252353314300298,0.330958643829248,0.142933112779009,0.026799088513505
2,2000,320,0.024049199284371,0.328479200323701,0.129962938700723,0.0277197873763051
2,2000,321,0.0216350455673935,0.332401389228459,0.13609104814427,0.0304066921556534
2,2000,322,0.0212660358289944,0.327490596523442,0.136058208946329,0.0173946922031789
2,2000,323,0.0212014855019618,0.326927528274406,0.125509213273924,0.0173339592667323
2,2000,324,0.0239295034076381,0.32145249073626,0.121400447423347,0.018780461419083
2,2000,325,0.023118365533686,0.324818528980719,0.142331748993898,0.0204940134116793
2,2000,326,0.0220837494776167,0.335768444182557,0.140603380808263,0.0191912639754503
2,2000,327,0.0192135013077199,0.327586812002828,0.110808760456691,0.0269000100350429
2,2000,328,0.022414718335998,0.338486908157566,0.135504573068493,0.0225673471139884
2,2000,329,0.020422023235023,0.324632901080354,0.166077154048376,0.0205473421328877
2,2000,330,0.0197202382968926,0.317294400954442,0.120656511026712,0.0223602754021506
2,2000,331,0.019446024169012,0.339149108249301,0.15033287549293,0.0182284997036606
2,2000,332,0.0212012972917259,0.323198437801456,0.134375460622515,0.0277152855640903
2,2000,333,0.0231898301545672,0.330041706574625,0.133703181208009,0.0282277925149417
2,2000,334,0.0214220333995363,0.334564304455737,0.148209265210742,0.0151308641887704
2,2000,335,0.0166138888926446,0.324929208756383,0.131625735516189,0.0220907798172061
2,2000,336,0.0216799458602384,0.324065901990863,0.144072186546865,0.0246598902563977
2,2000,337,0.0234778456980453,0.335399192510034,0.127436282597819,0.0271156866056299
2,2000,338,0.0274042792201621,0.318027708483927,0.124352381698694,0.0321045904511472
2,2000,339,0.0209554695718464,0.328576385237882,0.146582607271304,0.0192781731363796
2,2000,340,0.0223555136358737,0.323488268113801,0.128009431698509,0.0271564973152854
2,2000,341,0.0250447035561339,0.32894926178884,0.14378771736781,0.0262701747495302
2,2000,342,0.0197473578571175,0.324025498051187,0.115394201136885,0.0252099303326874
2,2000,343,0.0224922455740117,0.342518315595993,0.131174458535027,0.0235562564490701
2,2000,344,0.0241819785495687,0.341140322466198,0.11613297166744,0.0334731265683204
2,2000,345,0.0286926964697123,0.324207687872641,0.134398252229198,0.0307872517410606
2,2000,346,0.0217564495216498,0.331064619091247,0.13051830651939,0.030490552069806
2,2000,347,0.0209977423014165,0.326264385364763,0.123425847913964,0.0270464959488803
2,2000,348,0.0232384912921169,0.333698920091513,0.136339816249584,0.0274647983572374
2,2000,349,0.0237975872176326,0.328939714217616,0.154745238188678,0.0255318179034625
2,2000,350,0.0194223575281194,0.33771771009816,0.149551562436238,0.0204269522762333
2,2000,351,0.0210535678374508,0.329718843050607,0.12582849262805,0.0277877751722917
2,2000,352,0.0237301138137758,0.325107244861797,0.121109970558404,0.0298103560693046
2,2000,353,0.0207879602014029,0.325645944325075,0.108727326897453,0.0159645719267849
2,2000,354,0.0195583343163004,0.324928757553043,0.139953763223892,0.0260229811140225
2,2000,355,0.0211327811154622,0.319421678320279,0.113276319780671,0.0222046025595057
2,2000,356,0.0210802302736486,0.318384411676875,0.141244275111535,0.034211316847897
2,2000,357,0.0211840751608632,0.326649875259551,0.130895496618948,0.0184623755739914
2,2000,358,0.0219772295863012,0.329271444173204,0.128717387738515,0.0374527369703617
2,2000,359,0.0224560237941893,0.331333645216158,0.158967601897648,0.0336487875013813
2,2000,360,0.0249385188016795,0.333462952507014,0.139826086473763,0.0216876202162253
2,2000,361,0.0224545974942685,0.320081120497203,0.134988424793721,0.02821509961761
2,2000,362,0.0234863815186446,0.319806124997596,0.142129728478751,0.0259701692855254
2,2000,363,0.0245047811436352,0.332384062035534,0.13855243300501,0.0264403321951441
2,2000,364,0.0213225804969301,0.320597188467584,0.11571153572841,0.0164962136851805
2,2000,365,0.0239483486360919,0.319663359011906,0.105188059432029,0.0225064435727866
2,2000,366,0.0234275192715883,0.315274623764392,0.14695020106238,0.0297780114252326
2,2000,367,0.0212257714109472,0.336187864402936,0.131289969216768,0.0273821600616384
2,2000,368,0.0221194238051732,0.322228934552254,0.12576540124077,0.0298938210834991
2,2000,369,0.0262110250146752,0.326020365154723,0.129519462487374,0.0335779232939108
2,2000,370,0.0236764325276826,0.328113129790431,0.155981833796957,0.0184090588955284
2,2000,371,0.0205999084488555,0.341274346750914,0.146137757660596,0.0347323084781208
2,2000,372,0.0186260141281669,0.330263592271361,0.146297266908713,0.0228612629369758
2,2000,373,0.0320161387475921,0.330808397237772,0.124477323005006,0.0361364383527625
2,2000,374,0.0171754226152914,0.318621751222918,0.123448672032002,0.0180276319463644
2,2000,375,0.0261887313623237,0.339196320516,0.143382016028481,0.0234673498643467
2,2000,376,0.0241288884077953,0.332682626791955,0.160908671470038,0.020544577558969
2,2000,377,0.0206126462814589,0.324556710505272,0.143421329390622,0.0390910278985936
2,2000,378,0.0246614864239214,0.327377156260124,0.143923834843464,0.0241705483044174
2,2000,379,0.0239855230022945,0.330667911926265,0.133828105426602,0.0383802041796446
2,2000,380,0.0186795794867236,0.33020486332636,0.129464732516479,0.0247506134538451
2,2000,381,0.0213747698317206,0.321267215310299,0.149260638104795,0.0248845340300277
2,2000,382,0.0255115124581031,0.335725331642258,0.131318667857964,0.0381473305295563
2,2000,383,0.0247389144810048,0.326084828870065,0.140021763941231,0.0293148801258951
2,2000,384,0.0231324828779125,0.321391401477174,0.145495872869097,0.0367049892832376
2,2000,385,0.0188358382363043,0.325498703798441,0.143430398135644,0.0286871089280576
2,2000,386,0.0235324016725562,0.320207717421621,0.142397467488946,0.02349659430703
2,2000,387,0.0218342900621051,0.330232974313127,0.120873210839753,0.0205913981813994
2,2000,388,0.0212466011746575,0.320448748191284,0.128577713354474,0.0259299268981219
2,2000,389,0.0221001567374761,0.330986994212833,0.149664254234538,0.0272875158958756
2,2000,390,0.0234703067483015,0.333931354532867,0.126959991677835,0.0125339488569383
2,2000,391,0.0229771470845241,0.330359170931324,0.130598430004151,0.0333990767467518
2,2000,392,0.0256653587475602,0.32229345885478,0.107690977424841,0.0282276524739686
2,2000,393,0.0217936155310225,0.328654719564015,0.144580814949999,0.0357925173699079
2,2000,394,0.0205129751753139,0.326101313115351,0.149646604068683,0.0314781386536225
2,2000,395,0.0190864924156358,0.318033321068594,0.133250320957493,0.0280660881368469
2,2000,396,0.0208594699438669,0.330709804078553,0.15942596519945,0.0334106250940032
2,2000,397,0.0249501773743355,0.32951331624132,0.149926908442309,0.024054959788639
2,2000,398,0.0229083492914104,0.331793876276795,0.146124697597429,0.0213317747006805
2,2000,399,0.0246969371961159,0.331356116991619,0.143885665702232,0.0268486285989344
2,2000,400,0.0254696901448253,0.333712208056718,0.129754175932392,0.0184365405232063
2,2000,401,0.0190057464238762,0.332612832416597,0.127289013608709,0.0295694369895338
2,2000,402,0.0207546471634625,0.320024837868054,0.12076640456236,0.0161924672846812
2,2000,403,0.0215507735459441,0.330824461152362,0.13310930585,0.0311482360511719
2,2000,404,0.0226287025505811,0.333262912705968,0.132310336421825,0.0212491402656325
2,2000,405,0.0244743124351885,0.334716131694109,0.158602980046444,0.0255914681863167
2,2000,406,0.0214289650565798,0.334113558477135,0.137553859064641,0.0278398294626341
2,2000,407,0.0215522922202942,0.324230293805489,0.132559758388877,0.0310778290941374
2,2000,408,0.0231986211860906,0.327330763975826,0.130744155664036,0.021330349283524
2,2000,409,0.0241704691222764,0.322127786562374,0.128424733635687,0.0256064325896475
2,2000,410,0.0210924720387686,0.324927300306969,0.123891170788756,0.0175169323331872
2,2000,411,0.0229142351689016,0.328756536871621,0.144866590279147,0.0281962737292181
2,2000,412,0.0202752120531915,0.324236962281988,0.150617498864411,0.0324990018935361
2,2000,413,0.0249812055294989,0.331055282400739,0.155789960032829,0.0422081426988077
2,2000,414,0.0211359303190273,0.317487096934153,0.143167734297824,0.0317660361569767
2,2000,415,0.0270819511414122,0.327791373561547,0.123881824843917,0.0289754244135083
2,2000,416,0.0231573183116616,0.330734433010848,0.123979584693816,0.0264060517057951
2,2000,417,0.0205067752293502,0.326530537788567,0.141566142167453,0.0470952637028095
2,2000,418,0.0209634397160665,0.328704213791447,0.112238031490557,0.0129367035214056
2,2000,419,0.0187425686686213,0.326157179509391,0.138551901994321,0.0244025200599232
2,2000,420,0.0288334824036625,0.335438544767215,0.144227715789295,0.03086847987062
2,2000,421,0.0228900601353996,0.332510161646969,0.15700336897541,0.0375436830905802
2,2000,422,0.0217526843032765,0.33831236761171,0.132649894645537,0.0173380809983994
2,2000,423,0.0240245869762263,0.327415579417963,0.138735379461965,0.0311231235593672
2,2000,424,0.0238228176139876,0.33506466113968,0.126994287042109,0.0274111586069314
2,2000,425,0.0213116588716997,0.320223860459244,0.121552946732779,0.0171382433164864
2,2000,426,0.0233170175954971,0.329438169699758,0.134431076528792,0.0264122755920282
2,2000,427,0.0206750442626313,0.335666788009456,0.134290377629725,0.0277742613669327
2,2000,428,0.0262088018263931,0.322663125019173,0.116855794988043,0.0349866394621363
2,2000,429,0.0258995311718975,0.335126895098515,0.142434753180937,0.0207423652265091
2,2000,430,0.025482640807913,0.330338275031268,0.147255793608767,0.0324511712047557
2,2000,431,0.0256990333591858,0.33472134203339,0.142582530914155,0.0267817509747976
2,2000,432,0.0241495073421847,0.337996523761678,0.146864383024562,0.0289607465019035
2,2000,433,0.0232819782237819,0.342263183577609,0.136845938685665,0.0186454034571977
2,2000,434,0.0183602622873369,0.32546229296404,0.126981992961575,0.0152644523411982
2,2000,435,0.0256943145449369,0.32518919820665,0.136608062716768,0.0324727929354209
2,2000,436,0.0225831307676905,0.320407000378411,0.161123047400079,0.0219916374383937
2,2000,437,0.0226424481133345,0.324988807805932,0.13397329513652,0.0346195612444464
2,2000,438,0.0231215172405421,0.321244212646273,0.139554130942783,0.0340027639759677
2,2000,439,0.0200849216898131,0.319353962185751,0.128614751934067,0.0279873111566287
2,2000,440,0.0266212917385023,0.320313636367602,0.0982361883731586,0.0276849704006388
2,2000,441,0.0248814289713533,0.3203939562627,0.124383143927104,0.0267307979412723
2,2000,442,0.0206965195598514,0.321616150872388,0.118795673913241,0.0318734077164018
2,2000,443,0.0199454211065,0.325787137733849,0.147054906561416,0.0290954193742272
2,2000,444,0.0285177230686733,0.32629118994722,0.135257219542182,0.0358576875596677
2,2000,445,0.0199139159199502,0.329563211625336,0.145198991018086,0.0406542650747168
2,2000,446,0.0290371032868837,0.318420043614959,0.123290836844126,0.0346012465391818
2,2000,447,0.0236502660513178,0.326533036765719,0.139439978163031,0.0367966947932974
2,2000,448,0.0218054984318876,0.326855127048131,0.134146961249289,0.0116003453284685
2,2000,449,0.0177930216188853,0.322466988135533,0.110081450975639,0.0255328076965566
2,2000,450,0.0275329266921716,0.329374858126603,0.126935067848109,0.0282119939625414
2,2000,451,0.0238222083480084,0.323782382599587,0.130584363578445,0.0342322518629952
2,2000,452,0.0206813223360289,0.322522470347504,0.14106428394437,0.0282368916435023
2,2000,453,0.0206647867732102,0.328332912760486,0.12736091167353,0.019921095450814
2,2000,454,0.0254027097336567,0.327209699385226,0.12023815889881,0.0225024845221602
2,2000,455,0.0239960080520041,0.330022180343124,0.132605604329916,0.0172442488595639
2,2000,456,0.0222678142568051,0.331371325249077,0.145281640556287,0.023487058960683
2,2000,457,0.0250462201903308,0.330691707959939,0.160363763548099,0.0252336984125872
2,2000,458,0.0225163235720889,0.330484428904392,0.142930090738057,0.02319709032787
2,2000,459,0.0200562484267031,0.32069323843342,0.134615202158455,0.0274358184367607
2,2000,460,0.0229534109554212,0.33355098920408,0.140740001768328,0.0274303924793198
2,2000,461,0.0197154321802946,0.332430796811085,0.14322683595723,0.0492414374227799
2,2000,462,0.0220527332821721,0.339257321779313,0.124302625432648,0.0329632525569319
2,2000,463,0.0304256006048829,0.333577736889917,0.138733737662808,0.0280213235139184
2,2000,464,0.0262466548532903,0.325156896349424,0.126860939600107,0.0368330820258993
2,2000,465,0.0215652442382688,0.328714152327437,0.154093846802529,0.0197149345768248
2,2000,466,0.0233088966474009,0.328286621804234,0.11821447759919,0.0320281903269428
2,2000,467,0.0236824785321454,0.339472081309951,0.142820809099356,0.0297281787456578
2,2000,468,0.023816254835243,0.330988326445896,0.133272971438314,0.027717211461048
2,2000,469,0.0229641961811555,0.333315136773919,0.141371021195172,0.0226784952345807
2,2000,470,0.0202758449459342,0.320615921809095,0.133132606129529,0.0309333707715727
2,2000,471,0.0252718059904327,0.329372438672403,0.154944039344881,0.0373313238823603
2,2000,472,0.0258465507211707,0.324179144982453,0.131909866813401,0.0270214528475086
2,2000,473,0.0230622313799822,0.326912134204234,0.129359620230615,0.0318685331949708
2,2000,474,0.0196193539520828,0.325977665532077,0.158010974363589,0.0187341211639638
2,2000,475,0.021479742793612,0.323657832612279,0.113231663122371,0.0324937585979295
2,2000,476,0.0219957716067718,0.318153826991767,0.12945154171545,0.0261004642023417
2,2000,477,0.023935910081863,0.332054652290984,0.129789981839346,0.0201298684081954
2,2000,478,0.0211749385993598,0.32698052299544,0.133635487054457,0.010455073852923
2,2000,479,0.0280455609678054,0.329237338052578,0.174939914546636,0.0214633130168078
2,2000,480,0.0227685033018348,0.323450743710713,0.133414999505852,0.0330152609323069
2,2000,481,0.0249849594860958,0.326460555009465,0.123771336384393,0.024704184886188
2,2000,482,0.0199989437066426,0.330123618134629,0.142329301015912,0.0268060028256618
2,2000,483,0.0233996045445859,0.319086917220278,0.118328069698143,0.0303818316372562
2,2000,484,0.0227400778409417,0.324568143841052,0.118605064670171,0.0248614987572797
2,2000,485,0.0231007585149576,0.320801195713786,0.13070522430555,0.0321601967644627
2,2000,486,0.023226446908732,0.338158706278258,0.133113521770349,0.0299581772564432
2,2000,487,0.0228556263583248,0.335736732962892,0.127857649444144,0.0276208852903976
2,2000,488,0.0199173355435449,0.326632367221502,0.146578453715026,0.031258097676391
2,2000,489,0.0233185386349524,0.333021945969929,0.127696386279484,0.0292560153158574
2,2000,490,0.0213333046157604,0.324243932725119,0.121076774767676,0.030360106137804
2,2000,491,0.0240999680365883,0.322129963851622,0.109800901292324,0.0395739185420845
2,2000,492,0.022241550643981,0.333518616669029,0.13559526168911,0.0272033307246531
2,2000,493,0.0219450057663046,0.327178472354976,0.128805353097959,0.0280549586365886
2,2000,494,0.0247068734019436,0.325479904883342,0.138144313934043,0.0223881028360187
2,2000,495,0.021565528101144,0.330189040792103,0.123580891194401,0.0215056537052569
2,2000,496,0.0258114262061877,0.329905238640721,0.144391125903292,0.0363030468578465
2,2000,497,0.0222468584205058,0.32061188090249,0.122524182279999,0.0369906020782058
2,2000,498,0.0214001803935768,0.32632134160334,0.125681762998314,0.0268847303874924
2,2000,499,0.0220626810325202,0.327316574068532,0.140662215838578,0.024956120490222
2,2000,500,0.0260204431058981,0.34201960994381,0.144995082400905,0.0243913861241345
